"last_name, first_name",team,type
"Adell, Jo",Angels,batter
"Anderson, Tim",Angels,batter
"Campero, Gustavo",Angels,batter
"Davis, J.D.",Angels,batter
"Kavadas, Niko",Angels,batter
"Kingery, Scott",Angels,batter
"Lopez, Nicky",Angels,batter
"Lugo, Matthew",Angels,batter
"Moncada, YoÃ¡n",Angels,batter
"Moore, Christian",Angels,batter
"Neto, Zach",Angels,batter
"Newman, Kevin",Angels,batter
"O'Hoppe, Logan",Angels,batter
"Paris, Kyren",Angels,batter
"Rengifo, Luis",Angels,batter
"Schanuel, Nolan",Angels,batter
"Soler, Jorge",Angels,batter
"Stevens, Chad",Angels,batter
"Taylor, Chris",Angels,batter
"Trout, Mike",Angels,batter
"Wade Jr., LaMonte",Angels,batter
"Ward, Taylor",Angels,batter
"d'Arnaud, Travis",Angels,batter
"Aldegheri, Sam",Angels,pitcher
"Anderson, Ian",Angels,pitcher
"Anderson, Shaun",Angels,pitcher
"Anderson, Tyler",Angels,pitcher
"Bachman, Sam",Angels,pitcher
"Brogdon, Connor",Angels,pitcher
"Burke, Brock",Angels,pitcher
"Dana, Caden",Angels,pitcher
"Detmers, Reid",Angels,pitcher
"Eder, Jake",Angels,pitcher
"Edwards Jr., Carl",Angels,pitcher
"Fermin, JosÃ©",Angels,pitcher
"Hendricks, Kyle",Angels,pitcher
"Jansen, Kenley",Angels,pitcher
"Johnson, Ryan",Angels,pitcher
"Joyce, Ben",Angels,pitcher
"Kikuchi, Yusei",Angels,pitcher
"Kochanowicz, Jack",Angels,pitcher
"McDaniels, Garrett",Angels,pitcher
"Mederos, Victor",Angels,pitcher
"Soriano, JosÃ©",Angels,pitcher
"Stephenson, Robert",Angels,pitcher
"Strickland, Hunter",Angels,pitcher
"Toussaint, Touki",Angels,pitcher
"Zeferjahn, Ryan",Angels,pitcher
"Altuve, Jose",Astros,batter
"Alvarez, Yordan",Astros,batter
"Caratini, Victor",Astros,batter
"Corona, Kenedy",Astros,batter
"Dezenzo, Zach",Astros,batter
"Diaz, Yainer",Astros,batter
"DubÃ³n, Mauricio",Astros,batter
"Guillorme, Luis",Astros,batter
"Hummel, Cooper",Astros,batter
"McCormick, Chas",Astros,batter
"Melton, Jacob",Astros,batter
"Meyers, Jake",Astros,batter
"Paredes, Isaac",Astros,batter
"PeÃ±a, Jeremy",Astros,batter
"Rodgers, Brendan",Astros,batter
"Salazar, CÃ©sar",Astros,batter
"Short, Zack",Astros,batter
"Smith, Cam",Astros,batter
"Trammell, Taylor",Astros,batter
"Walker, Christian",Astros,batter
"Whitcomb, Shay",Astros,batter
"Abreu, Bryan",Astros,pitcher
"Alexander, Jason",Astros,pitcher
"Arrighetti, Spencer",Astros,pitcher
"Blanco, Ronel",Astros,pitcher
"Blubaugh, AJ",Astros,pitcher
"Brown, Hunter",Astros,pitcher
"Contreras, Luis",Astros,pitcher
"Dubin, Shawn",Astros,pitcher
"Gordon, Colton",Astros,pitcher
"Gusto, Ryan",Astros,pitcher
"Hader, Josh",Astros,pitcher
"Hernandez, Nick",Astros,pitcher
"King, Bryan",Astros,pitcher
"McCullers Jr., Lance",Astros,pitcher
"Neris, HÃ©ctor",Astros,pitcher
"Okert, Steven",Astros,pitcher
"Ort, Kaleb",Astros,pitcher
"Salazar, CÃ©sar",Astros,pitcher
"Sousa, Bennett",Astros,pitcher
"Valdez, Framber",Astros,pitcher
"VanWey, Logan",Astros,pitcher
"Walter, Brandon",Astros,pitcher
"Weems, Jordan",Astros,pitcher
"Wesneski, Hayden",Astros,pitcher
"Alexander, CJ",Athletics,batter
"Andujar, Miguel",Athletics,batter
"Avans, Drew",Athletics,batter
"Bleday, JJ",Athletics,batter
"Brown, Seth",Athletics,batter
"Butler, Lawrence",Athletics,batter
"Clarke, Denzel",Athletics,batter
"Davidson, Logan",Athletics,batter
"Gelof, Zack",Athletics,batter
"Kurtz, Nick",Athletics,batter
"Langeliers, Shea",Athletics,batter
"MacIver, Willie",Athletics,batter
"Muncy, Max",Athletics,batter
"Pereda, Jhonny",Athletics,batter
"Rooker, Brent",Athletics,batter
"Schuemann, Max",Athletics,batter
"Soderstrom, Tyler",Athletics,batter
"Thomas, Colby",Athletics,batter
"Urshela, Gio",Athletics,batter
"UrÃ­as, Luis",Athletics,batter
"Wilson, Jacob",Athletics,batter
"Wynns, Austin",Athletics,batter
"Alvarado, Elvis",Athletics,pitcher
"Bido, Osvaldo",Athletics,pitcher
"Duran, Carlos",Athletics,pitcher
"Estes, Joey",Athletics,pitcher
"Ferguson, Tyler",Athletics,pitcher
"Ginn, J.T.",Athletics,pitcher
"Harris, Hogan",Athletics,pitcher
"Hoglund, Gunnar",Athletics,pitcher
"Holman, Grant",Athletics,pitcher
"Kelly, Michael",Athletics,pitcher
"Krook, Matt",Athletics,pitcher
"Leclerc, JosÃ©",Athletics,pitcher
"Lopez, Jacob",Athletics,pitcher
"MacIver, Willie",Athletics,pitcher
"Maldonado, Anthony",Athletics,pitcher
"McFarland, T.J.",Athletics,pitcher
"Miller, Mason",Athletics,pitcher
"Murdock, Noah",Athletics,pitcher
"Newcomb, Sean",Athletics,pitcher
"OtaÃ±ez, Michel",Athletics,pitcher
"Perdomo, Angel",Athletics,pitcher
"Pereda, Jhonny",Athletics,pitcher
"Perkins, Jack",Athletics,pitcher
"Sears, JP",Athletics,pitcher
"Severino, Luis",Athletics,pitcher
"Spence, Mitch",Athletics,pitcher
"Springs, Jeffrey",Athletics,pitcher
"Sterner, Justin",Athletics,pitcher
"Barger, Addison",BlueJays,batter
"Bichette, Bo",BlueJays,batter
"Clase, Jonatan",BlueJays,batter
"Clement, Ernie",BlueJays,batter
"GimÃ©nez, AndrÃ©s",BlueJays,batter
"Guerrero Jr., Vladimir",BlueJays,batter
"Heineman, Tyler",BlueJays,batter
"JimÃ©nez, Leo",BlueJays,batter
"Kirk, Alejandro",BlueJays,batter
"Loperfido, Joey",BlueJays,batter
"Lukes, Nathan",BlueJays,batter
"Robertson, Will",BlueJays,batter
"Roden, Alan",BlueJays,batter
"Santander, Anthony",BlueJays,batter
"Schneider, Davis",BlueJays,batter
"Springer, George",BlueJays,batter
"Stefanic, Michael",BlueJays,batter
"Straw, Myles",BlueJays,batter
"SÃ¡nchez, Ali",BlueJays,batter
"Varsho, Daulton",BlueJays,batter
"Wagner, Will",BlueJays,batter
"Barnes, Jacob",BlueJays,pitcher
"Bassitt, Chris",BlueJays,pitcher
"BerrÃ­os, JosÃ©",BlueJays,pitcher
"Bruihl, Justin",BlueJays,pitcher
"Burr, Ryan",BlueJays,pitcher
"Estrada, Lazaro",BlueJays,pitcher
"Fisher, Braydon",BlueJays,pitcher
"Fluharty, Mason",BlueJays,pitcher
"Francis, Bowden",BlueJays,pitcher
"GarcÃ­a, Yimi",BlueJays,pitcher
"Gausman, Kevin",BlueJays,pitcher
"Green, Chad",BlueJays,pitcher
"Heineman, Tyler",BlueJays,pitcher
"Hoffman, Jeff",BlueJays,pitcher
"Lauer, Eric",BlueJays,pitcher
"Little, Brendon",BlueJays,pitcher
"Lucas, Easton",BlueJays,pitcher
"PiÃ±a, Robinson",BlueJays,pitcher
"RodrÃ­guez, Yariel",BlueJays,pitcher
"Sandlin, Nick",BlueJays,pitcher
"Scherzer, Max",BlueJays,pitcher
"Schultz, Paxton",BlueJays,pitcher
"Swanson, Erik",BlueJays,pitcher
"Tate, Dillon",BlueJays,pitcher
"Turnbull, Spencer",BlueJays,pitcher
"Walker, Josh",BlueJays,pitcher
"AcuÃ±a Jr., Ronald",Braves,batter
"Albies, Ozzie",Braves,batter
"Allen, Nick",Braves,batter
"Arcia, Orlando",Braves,batter
"Azocar, JosÃ©",Braves,batter
"Baldwin, Drake",Braves,batter
"De La Cruz, Bryan",Braves,batter
"Fairchild, Stuart",Braves,batter
"Harris II, Michael",Braves,batter
"Kelenic, Jarred",Braves,batter
"Murphy, Sean",Braves,batter
"Olson, Matt",Braves,batter
"Ozuna, Marcell",Braves,batter
"Profar, Jurickson",Braves,batter
"Riley, Austin",Braves,batter
"Rosario, Eddie",Braves,batter
"Tromp, Chadwick",Braves,batter
"Verdugo, Alex",Braves,batter
"White, Eli",Braves,batter
"Williams, Luke",Braves,batter
"Bummer, Aaron",Braves,pitcher
"Chavez, Jesse",Braves,pitcher
"Cox, Austin",Braves,pitcher
"Daniel, Davis",Braves,pitcher
"De Los Santos, Enyel",Braves,pitcher
"Dodd, Dylan",Braves,pitcher
"Elder, Bryce",Braves,pitcher
"Fuentes, Didier",Braves,pitcher
"Herget, Kevin",Braves,pitcher
"HernÃ¡ndez, Daysbel",Braves,pitcher
"Holmes, Grant",Braves,pitcher
"Iglesias, Raisel",Braves,pitcher
"Johnson, Pierce",Braves,pitcher
"Kimbrel, Craig",Braves,pitcher
"Lee, Dylan",Braves,pitcher
"LÃ³pez, Reynaldo",Braves,pitcher
"Montero, Rafael",Braves,pitcher
"Petersen, Michael",Braves,pitcher
"Ruiz, JosÃ©",Braves,pitcher
"Sale, Chris",Braves,pitcher
"Schwellenbach, Spencer",Braves,pitcher
"Smith-Shawver, AJ",Braves,pitcher
"Strider, Spencer",Braves,pitcher
"Suarez, JosÃ©",Braves,pitcher
"Thompson, Zach",Braves,pitcher
"Wiles, Nathan",Braves,pitcher
"Williams, Luke",Braves,pitcher
"Avans, Drew",Brewers,batter
"Bauers, Jake",Brewers,batter
"Cameron, Daz",Brewers,batter
"Capra, Vinny",Brewers,batter
"Chourio, Jackson",Brewers,batter
"Collins, Isaac",Brewers,batter
"Contreras, William",Brewers,batter
"Dunn, Oliver",Brewers,batter
"Durbin, Caleb",Brewers,batter
"Frelick, Sal",Brewers,batter
"Haase, Eric",Brewers,batter
"Hoskins, Rhys",Brewers,batter
"Mitchell, Garrett",Brewers,batter
"Monasterio, Andruw",Brewers,batter
"Ortiz, Joey",Brewers,batter
"Seigler, Anthony",Brewers,batter
"Turang, Brice",Brewers,batter
"Vaughn, Andrew",Brewers,batter
"Yelich, Christian",Brewers,batter
"Anderson, Grant",Brewers,pitcher
"Ashby, Aaron",Brewers,pitcher
"Bauers, Jake",Brewers,pitcher
"Cortes, Nestor",Brewers,pitcher
"Hall, DL",Brewers,pitcher
"Henderson, Logan",Brewers,pitcher
"Hudson, Bryan",Brewers,pitcher
"Koenig, Jared",Brewers,pitcher
"McGee, Easton",Brewers,pitcher
"Mears, Nick",Brewers,pitcher
"Megill, Trevor",Brewers,pitcher
"Misiorowski, Jacob",Brewers,pitcher
"Myers, Tobias",Brewers,pitcher
"Patrick, Chad",Brewers,pitcher
"Payamps, Joel",Brewers,pitcher
"Peguero, Elvis",Brewers,pitcher
"Peralta, Freddy",Brewers,pitcher
"Priester, Quinn",Brewers,pitcher
"Quintana, Jose",Brewers,pitcher
"Rodriguez, Carlos",Brewers,pitcher
"Rodriguez, Elvin",Brewers,pitcher
"Thomas, Connor",Brewers,pitcher
"Uribe, Abner",Brewers,pitcher
"Woodruff, Brandon",Brewers,pitcher
"Yoho, Craig",Brewers,pitcher
"Zastryzny, Rob",Brewers,pitcher
"Arenado, Nolan",Cardinals,batter
"Baker, Luken",Cardinals,batter
"Barrero, Jose",Cardinals,batter
"Burleson, Alec",Cardinals,batter
"Contreras, Willson",Cardinals,batter
"Donovan, Brendan",Cardinals,batter
"FermÃ­n, JosÃ©",Cardinals,batter
"Gorman, Nolan",Cardinals,batter
"Hampson, Garrett",Cardinals,batter
"Herrera, IvÃ¡n",Cardinals,batter
"Nootbaar, Lars",Cardinals,batter
"PagÃ©s, Pedro",Cardinals,batter
"Pozo, Yohel",Cardinals,batter
"Saggese, Thomas",Cardinals,batter
"Scott II, Victor",Cardinals,batter
"Siani, Michael",Cardinals,batter
"Vilade, Ryan",Cardinals,batter
"Walker, Jordan",Cardinals,batter
"Winn, Masyn",Cardinals,batter
"Fedde, Erick",Cardinals,pitcher
"Fernandez, Ryan",Cardinals,pitcher
"Graceffo, Gordon",Cardinals,pitcher
"Granillo, Andre",Cardinals,pitcher
"Gray, Sonny",Cardinals,pitcher
"Helsley, Ryan",Cardinals,pitcher
"King, John",Cardinals,pitcher
"Leahy, Kyle",Cardinals,pitcher
"Liberatore, Matthew",Cardinals,pitcher
"Maton, Phil",Cardinals,pitcher
"Matz, Steven",Cardinals,pitcher
"McGreevy, Michael",Cardinals,pitcher
"Mikolas, Miles",Cardinals,pitcher
"MuÃ±oz, Roddery",Cardinals,pitcher
"O'Brien, Riley",Cardinals,pitcher
"Pallante, Andre",Cardinals,pitcher
"Romero, JoJo",Cardinals,pitcher
"Roycroft, Chris",Cardinals,pitcher
"Svanson, Matt",Cardinals,pitcher
"Amaya, Miguel",Cubs,batter
"Ballesteros, MoisÃ©s",Cubs,batter
"Berti, Jon",Cubs,batter
"BrujÃ¡n, Vidal",Cubs,batter
"Busch, Michael",Cubs,batter
"Crow-Armstrong, Pete",Cubs,batter
"Happ, Ian",Cubs,batter
"Hoerner, Nico",Cubs,batter
"Kelly, Carson",Cubs,batter
"Lopez, Nicky",Cubs,batter
"McGuire, Reese",Cubs,batter
"Rea, Colin",Cubs,batter
"Shaw, Matt",Cubs,batter
"Suzuki, Seiya",Cubs,batter
"Swanson, Dansby",Cubs,batter
"Tucker, Kyle",Cubs,batter
"Turner, Justin",Cubs,batter
"Workman, Gage",Cubs,batter
"Berti, Jon",Cubs,pitcher
"Boyd, Matthew",Cubs,pitcher
"Brasier, Ryan",Cubs,pitcher
"Brown, Ben",Cubs,pitcher
"Cosgrove, Tom",Cubs,pitcher
"Flexen, Chris",Cubs,pitcher
"Fulmer, Michael",Cubs,pitcher
"Hodge, Porter",Cubs,pitcher
"Hollowell, Gavin",Cubs,pitcher
"Horton, Cade",Cubs,pitcher
"Imanaga, Shota",Cubs,pitcher
"Keller, Brad",Cubs,pitcher
"Kriske, Brooks",Cubs,pitcher
"Little, Luke",Cubs,pitcher
"Merryweather, Julian",Cubs,pitcher
"Morgan, Eli",Cubs,pitcher
"Palencia, Daniel",Cubs,pitcher
"Pearson, Nate",Cubs,pitcher
"Pomeranz, Drew",Cubs,pitcher
"Pressly, Ryan",Cubs,pitcher
"Rea, Colin",Cubs,pitcher
"Roberts, Ethan",Cubs,pitcher
"Steele, Justin",Cubs,pitcher
"Taillon, Jameson",Cubs,pitcher
"Thielbar, Caleb",Cubs,pitcher
"Wicks, Jordan",Cubs,pitcher
"Alexander, Blaze",Diamondbacks,batter
"Barrosa, Jorge",Diamondbacks,batter
"Carroll, Corbin",Diamondbacks,batter
"Garcia, Aramis",Diamondbacks,batter
"Grichuk, Randal",Diamondbacks,batter
"Gurriel Jr., Lourdes",Diamondbacks,batter
"Hampson, Garrett",Diamondbacks,batter
"Herrera, Jose",Diamondbacks,batter
"Lawlar, Jordan",Diamondbacks,batter
"Marte, Ketel",Diamondbacks,batter
"McCann, James",Diamondbacks,batter
"McCarthy, Jake",Diamondbacks,batter
"Moreno, Gabriel",Diamondbacks,batter
"Naylor, Josh",Diamondbacks,batter
"Nelson, Ryne",Diamondbacks,batter
"Perdomo, Geraldo",Diamondbacks,batter
"Smith, Pavin",Diamondbacks,batter
"SuÃ¡rez, Eugenio",Diamondbacks,batter
"Tawa, Tim",Diamondbacks,batter
"Thomas, Alek",Diamondbacks,batter
"Vargas, Ildemaro",Diamondbacks,batter
"Backhus, Kyle",Diamondbacks,pitcher
"Beeks, Jalen",Diamondbacks,pitcher
"Brigham, Jeff",Diamondbacks,pitcher
"Burnes, Corbin",Diamondbacks,pitcher
"Curtiss, John",Diamondbacks,pitcher
"DeSclafani, Anthony",Diamondbacks,pitcher
"DÃ­az, Yilber",Diamondbacks,pitcher
"Gallen, Zac",Diamondbacks,pitcher
"Ginkel, Kevin",Diamondbacks,pitcher
"Graveman, Kendall",Diamondbacks,pitcher
"Henry, Tommy",Diamondbacks,pitcher
"Herrera, Jose",Diamondbacks,pitcher
"Jameson, Drey",Diamondbacks,pitcher
"Jarvis, Bryce",Diamondbacks,pitcher
"Kelly, Merrill",Diamondbacks,pitcher
"Mantiply, Joe",Diamondbacks,pitcher
"Martinez, Justin",Diamondbacks,pitcher
"McGough, Scott",Diamondbacks,pitcher
"Mena, Cristian",Diamondbacks,pitcher
"Miller, Shelby",Diamondbacks,pitcher
"Montes De Oca, Christian",Diamondbacks,pitcher
"Morillo, Juan",Diamondbacks,pitcher
"Nelson, Ryne",Diamondbacks,pitcher
"Pfaadt, Brandon",Diamondbacks,pitcher
"Puk, A.J.",Diamondbacks,pitcher
"Rodriguez, Eduardo",Diamondbacks,pitcher
"Scott, Tayler",Diamondbacks,pitcher
"Thompson, Ryan",Diamondbacks,pitcher
"Woodford, Jake",Diamondbacks,pitcher
"Barnes, Austin",Dodgers,batter
"Betts, Mookie",Dodgers,batter
"Conforto, Michael",Dodgers,batter
"Edman, Tommy",Dodgers,batter
"Feduccia, Hunter",Dodgers,batter
"Freeman, Freddie",Dodgers,batter
"HernÃ¡ndez, Enrique",Dodgers,batter
"HernÃ¡ndez, Teoscar",Dodgers,batter
"Kim, Hyeseong",Dodgers,batter
"Muncy, Max",Dodgers,batter
"Ohtani, Shohei",Dodgers,batter
"Outman, James",Dodgers,batter
"Pages, Andy",Dodgers,batter
"Rojas, Miguel",Dodgers,batter
"Rosario, Eddie",Dodgers,batter
"Ruiz, Esteury",Dodgers,batter
"Rushing, Dalton",Dodgers,batter
"Smith, Will",Dodgers,batter
"Taylor, Chris",Dodgers,batter
"Banda, Anthony",Dodgers,pitcher
"Casparius, Ben",Dodgers,pitcher
"Davis, Noah",Dodgers,pitcher
"Dreyer, Jack",Dodgers,pitcher
"FernÃ¡ndez, Julian",Dodgers,pitcher
"Feyereisen, J.P.",Dodgers,pitcher
"GarcÃ­a, Luis",Dodgers,pitcher
"Glasnow, Tyler",Dodgers,pitcher
"Gonsolin, Tony",Dodgers,pitcher
"HernÃ¡ndez, Enrique",Dodgers,pitcher
"Kershaw, Clayton",Dodgers,pitcher
"Klein, Will",Dodgers,pitcher
"Knack, Landon",Dodgers,pitcher
"Kopech, Michael",Dodgers,pitcher
"Little, Jack",Dodgers,pitcher
"May, Dustin",Dodgers,pitcher
"Miller, Bobby",Dodgers,pitcher
"Ohtani, Shohei",Dodgers,pitcher
"Phillips, Evan",Dodgers,pitcher
"Rojas, Miguel",Dodgers,pitcher
"Sasaki, Roki",Dodgers,pitcher
"Sauer, Matt",Dodgers,pitcher
"Scott, Tanner",Dodgers,pitcher
"Sheehan, Emmet",Dodgers,pitcher
"Snell, Blake",Dodgers,pitcher
"Stratton, Chris",Dodgers,pitcher
"Treinen, Blake",Dodgers,pitcher
"Trivino, Lou",Dodgers,pitcher
"UreÃ±a, JosÃ©",Dodgers,pitcher
"Vesia, Alex",Dodgers,pitcher
"Wrobleski, Justin",Dodgers,pitcher
"Yamamoto, Yoshinobu",Dodgers,pitcher
"Yates, Kirby",Dodgers,pitcher
"Adames, Willy",Giants,batter
"AlcÃ¡ntara, Sergio",Giants,batter
"Bailey, Patrick",Giants,batter
"Chapman, Matt",Giants,batter
"Devers, Rafael",Giants,batter
"Encarnacion, Jerar",Giants,batter
"Fitzgerald, Tyler",Giants,batter
"Flores, Wilmer",Giants,batter
"Huff, Sam",Giants,batter
"Johnson, Daniel",Giants,batter
"Knizner, Andrew",Giants,batter
"Koss, Christian",Giants,batter
"Lee, Jung Hoo",Giants,batter
"Matos, Luis",Giants,batter
"Porter, Logan",Giants,batter
"Ramos, Heliot",Giants,batter
"Schmitt, Casey",Giants,batter
"Smith, Dominic",Giants,batter
"Villar, David",Giants,batter
"Wade Jr., LaMonte",Giants,batter
"Wisely, Brett",Giants,batter
"Yastrzemski, Mike",Giants,batter
"Beck, Tristan",Giants,pitcher
"Birdsong, Hayden",Giants,pitcher
"Bivens, Spencer",Giants,pitcher
"Black, Mason",Giants,pitcher
"Doval, Camilo",Giants,pitcher
"Harrison, Kyle",Giants,pitcher
"Hjelle, Sean",Giants,pitcher
"Lucchesi, Joey",Giants,pitcher
"Miller, Erik",Giants,pitcher
"Porter, Logan",Giants,pitcher
"Ray, Robbie",Giants,pitcher
"RodrÃ­guez, Randy",Giants,pitcher
"Rogers, Tyler",Giants,pitcher
"Roupp, Landen",Giants,pitcher
"Seymour, Carson",Giants,pitcher
"Verlander, Justin",Giants,pitcher
"Walker, Ryan",Giants,pitcher
"Webb, Logan",Giants,pitcher
"Arias, Gabriel",Guardians,batter
"Brennan, Will",Guardians,batter
"Fry, David",Guardians,batter
"Hedges, Austin",Guardians,batter
"Jones, Nolan",Guardians,batter
"Kwan, Steven",Guardians,batter
"Manzardo, Kyle",Guardians,batter
"MartÃ­nez, Angel",Guardians,batter
"Naylor, Bo",Guardians,batter
"Noel, Jhonkensy",Guardians,batter
"NuÃ±ez, Dom",Guardians,batter
"RamÃ­rez, JosÃ©",Guardians,batter
"Rocchio, Brayan",Guardians,batter
"RodrÃ­guez, Johnathan",Guardians,batter
"Santana, Carlos",Guardians,batter
"Schneemann, Daniel",Guardians,batter
"Thomas, Lane",Guardians,batter
"Wilson, Will",Guardians,batter
"Allard, Kolby",Guardians,pitcher
"Allen, Logan",Guardians,pitcher
"Bibee, Tanner",Guardians,pitcher
"Bolton, Cody",Guardians,pitcher
"Cantillo, Joey",Guardians,pitcher
"Cecconi, Slade",Guardians,pitcher
"Clase, Emmanuel",Guardians,pitcher
"Enright, Nic",Guardians,pitcher
"Festa, Matt",Guardians,pitcher
"Gaddis, Hunter",Guardians,pitcher
"Hedges, Austin",Guardians,pitcher
"Herrin, Tim",Guardians,pitcher
"Junis, Jakob",Guardians,pitcher
"Kent, Zak",Guardians,pitcher
"Lively, Ben",Guardians,pitcher
"McKenzie, Triston",Guardians,pitcher
"Nikhazy, Doug",Guardians,pitcher
"Ortiz, Luis L.",Guardians,pitcher
"Sabrowski, Erik",Guardians,pitcher
"Sewald, Paul",Guardians,pitcher
"Smith, Cade",Guardians,pitcher
"Walters, Andrew",Guardians,pitcher
"Williams, Gavin",Guardians,pitcher
"Wilson, Will",Guardians,pitcher
"Arozarena, Randy",Mariners,batter
"Bliss, Ryan",Mariners,batter
"Canzone, Dominic",Mariners,batter
"Crawford, J.P.",Mariners,batter
"Garver, Mitch",Mariners,batter
"Mastrobuoni, Miles",Mariners,batter
"Moore, Dylan",Mariners,batter
"Polanco, Jorge",Mariners,batter
"Raleigh, Cal",Mariners,batter
"Raley, Luke",Mariners,batter
"Rivas, Leo",Mariners,batter
"Robles, Victor",Mariners,batter
"RodrÃ­guez, Julio",Mariners,batter
"Solano, Donovan",Mariners,batter
"Taveras, Leody",Mariners,batter
"Taylor, Samad",Mariners,batter
"Tellez, Rowdy",Mariners,batter
"Thomas, Rhylan",Mariners,batter
"Williamson, Ben",Mariners,batter
"Young, Cole",Mariners,batter
"Bazardo, Eduard",Mariners,pitcher
"Brash, Matt",Mariners,pitcher
"Burgos, Juan",Mariners,pitcher
"CastaÃ±o, Blas",Mariners,pitcher
"Castillo, Luis",Mariners,pitcher
"Castillo, Luis F.",Mariners,pitcher
"DÃ­az, Jhonathan",Mariners,pitcher
"Evans, Logan",Mariners,pitcher
"Gilbert, Logan",Mariners,pitcher
"Hahn, Jesse",Mariners,pitcher
"Hancock, Emerson",Mariners,pitcher
"Kirby, George",Mariners,pitcher
"Kowar, Jackson",Mariners,pitcher
"Lao, Sauryn",Mariners,pitcher
"Lawrence, Casey",Mariners,pitcher
"Legumina, Casey",Mariners,pitcher
"Mastrobuoni, Miles",Mariners,pitcher
"Miller, Bryce",Mariners,pitcher
"MuÃ±oz, AndrÃ©s",Mariners,pitcher
"Rivas, Leo",Mariners,pitcher
"Santos, Gregory",Mariners,pitcher
"Saucedo, Tayler",Mariners,pitcher
"Snider, Collin",Mariners,pitcher
"Speier, Gabe",Mariners,pitcher
"Taylor, Troy",Mariners,pitcher
"Thornton, Trent",Mariners,pitcher
"Vargas, Carlos",Mariners,pitcher
"Woo, Bryan",Mariners,pitcher
"Brantly, Rob",Marlins,batter
"Bride, Jonah",Marlins,batter
"Conine, Griffin",Marlins,batter
"Edwards, Xavier",Marlins,batter
"Fortes, Nick",Marlins,batter
"Hernandez, Heriberto",Marlins,batter
"Hicks, Liam",Marlins,batter
"Hill, Derek",Marlins,batter
"Lopez, Otto",Marlins,batter
"Mervis, Matt",Marlins,batter
"Mesa Jr., Victor",Marlins,batter
"Myers, Dane",Marlins,batter
"Norby, Connor",Marlins,batter
"Pauley, Graham",Marlins,batter
"RamÃ­rez, AgustÃ­n",Marlins,batter
"Sanoja, Javier",Marlins,batter
"Simon, Ronny",Marlins,batter
"Stowers, Kyle",Marlins,batter
"SÃ¡nchez, JesÃºs",Marlins,batter
"Wagaman, Eric",Marlins,batter
"Winkler, Jack",Marlins,batter
"Alcantara, Sandy",Marlins,pitcher
"Arias, Luarbert",Marlins,pitcher
"Bachar, Lake",Marlins,pitcher
"Bellozo, Valente",Marlins,pitcher
"Bender, Anthony",Marlins,pitcher
"Cabrera, Edward",Marlins,pitcher
"Curry, Xzavion",Marlins,pitcher
"Faucher, Calvin",Marlins,pitcher
"Gibson, Cade",Marlins,pitcher
"Gillispie, Connor",Marlins,pitcher
"Henriquez, Ronny",Marlins,pitcher
"Junk, Janson",Marlins,pitcher
"Mazur, Adam",Marlins,pitcher
"Meyer, Max",Marlins,pitcher
"Monteverde, Patrick",Marlins,pitcher
"Phillips, Tyler",Marlins,pitcher
"PÃ©rez, Eury",Marlins,pitcher
"Quantrill, Cal",Marlins,pitcher
"Sanoja, Javier",Marlins,pitcher
"Simpson, Josh",Marlins,pitcher
"Soriano, George",Marlins,pitcher
"Tarnok, Freddy",Marlins,pitcher
"Tinoco, Jesus",Marlins,pitcher
"Veneziano, Anthony",Marlins,pitcher
"Weathers, Ryan",Marlins,pitcher
"AcuÃ±a, Luisangel",Mets,batter
"Alonso, Pete",Mets,batter
"Alvarez, Francisco",Mets,batter
"Azocar, JosÃ©",Mets,batter
"Baty, Brett",Mets,batter
"Lindor, Francisco",Mets,batter
"Marte, Starling",Mets,batter
"Mauricio, Ronny",Mets,batter
"McNeil, Jeff",Mets,batter
"Nimmo, Brandon",Mets,batter
"Senger, Hayden",Mets,batter
"Siri, Jose",Mets,batter
"Soto, Juan",Mets,batter
"Taylor, Tyrone",Mets,batter
"Torrens, Luis",Mets,batter
"Vientos, Mark",Mets,batter
"Winker, Jesse",Mets,batter
"Young, Jared",Mets,batter
"Adcock, Ty",Mets,pitcher
"Blackburn, Paul",Mets,pitcher
"BrazobÃ¡n, Huascar",Mets,pitcher
"ButtÃ³, JosÃ©",Mets,pitcher
"Canning, Griffin",Mets,pitcher
"Castillo, JosÃ©",Mets,pitcher
"Devenski, Chris",Mets,pitcher
"DÃ­az, Edwin",Mets,pitcher
"Garcia, Rico",Mets,pitcher
"Garrett, Reed",Mets,pitcher
"Garza, Justin",Mets,pitcher
"Hagenman, Justin",Mets,pitcher
"Holmes, Clay",Mets,pitcher
"Jankowski, Travis",Mets,pitcher
"Kranick, Max",Mets,pitcher
"Lovelady, Richard",Mets,pitcher
"Megill, Tylor",Mets,pitcher
"Minter, A.J.",Mets,pitcher
"Montas, Frankie",Mets,pitcher
"NÃºÃ±ez, Dedniel",Mets,pitcher
"Peterson, David",Mets,pitcher
"Pintaro, Jonathan",Mets,pitcher
"Poche, Colin",Mets,pitcher
"Pop, Zach",Mets,pitcher
"Senga, Kodai",Mets,pitcher
"Stanek, Ryne",Mets,pitcher
"Tidwell, Blade",Mets,pitcher
"Waddell, Brandon",Mets,pitcher
"Warren, Austin",Mets,pitcher
"Young, Danny",Mets,pitcher
"Young, Jared",Mets,pitcher
"Zuber, Tyler",Mets,pitcher
"Abrams, CJ",Nationals,batter
"Adams, Riley",Nationals,batter
"Bell, Josh",Nationals,batter
"Call, Alex",Nationals,batter
"Chaparro, AndrÃ©s",Nationals,batter
"Crews, Dylan",Nationals,batter
"DeJong, Paul",Nationals,batter
"GarcÃ­a Jr., Luis",Nationals,batter
"Hassell III, Robert",Nationals,batter
"House, Brady",Nationals,batter
"Lile, Daylen",Nationals,batter
"Lipscomb, Trey",Nationals,batter
"Lowe, Nathaniel",Nationals,batter
"Millas, Drew",Nationals,batter
"NuÃ±ez, Nasim",Nationals,batter
"Rosario, Amed",Nationals,batter
"Ruiz, Keibert",Nationals,batter
"Tena, JosÃ©",Nationals,batter
"Wood, James",Nationals,batter
"Young, Jacob",Nationals,batter
"Brzykcy, Zach",Nationals,pitcher
"Chafin, Andrew",Nationals,pitcher
"Ferrer, Jose A.",Nationals,pitcher
"Finnegan, Kyle",Nationals,pitcher
"Gore, MacKenzie",Nationals,pitcher
"Henry, Cole",Nationals,pitcher
"Irvin, Jake",Nationals,pitcher
"Lara, Andry",Nationals,pitcher
"Lord, Brad",Nationals,pitcher
"Loutos, Ryan",Nationals,pitcher
"LÃ³pez, Jorge",Nationals,pitcher
"Ogasawara, Shinnosuke",Nationals,pitcher
"Parker, Mitchell",Nationals,pitcher
"Ribalta, Orlando",Nationals,pitcher
"Rosario, Amed",Nationals,pitcher
"Rutledge, Jackson",Nationals,pitcher
"Salazar, Eduardo",Nationals,pitcher
"Sims, Lucas",Nationals,pitcher
"Soroka, Michael",Nationals,pitcher
"Thompson, Mason",Nationals,pitcher
"Williams, Trevor",Nationals,pitcher
"Adams, Jordyn",Orioles,batter
"Carlson, Dylan",Orioles,batter
"Cowser, Colton",Orioles,batter
"Handley, Maverick",Orioles,batter
"Henderson, Gunnar",Orioles,batter
"Holliday, Jackson",Orioles,batter
"Hummel, Cooper",Orioles,batter
"Kjerstad, Heston",Orioles,batter
"Laureano, RamÃ³n",Orioles,batter
"Mateo, Jorge",Orioles,batter
"Mayo, Coby",Orioles,batter
"Mountcastle, Ryan",Orioles,batter
"Mullins, Cedric",Orioles,batter
"O'Hearn, Ryan",Orioles,batter
"O'Neill, Tyler",Orioles,batter
"Rivera, Emmanuel",Orioles,batter
"Rogers, Trevor",Orioles,batter
"Rutschman, Adley",Orioles,batter
"Stallings, Jacob",Orioles,batter
"SÃ¡nchez, Gary",Orioles,batter
"Tromp, Chadwick",Orioles,batter
"UrÃ­as, RamÃ³n",Orioles,batter
"VÃ¡zquez, Luis",Orioles,batter
"Westburg, Jordan",Orioles,batter
"Akin, Keegan",Orioles,pitcher
"Baker, Bryan",Orioles,pitcher
"Bautista, FÃ©lix",Orioles,pitcher
"Blewett, Scott",Orioles,pitcher
"Bowman, Matt",Orioles,pitcher
"Cano, Yennier",Orioles,pitcher
"DomÃ­nguez, Seranthony",Orioles,pitcher
"Eflin, Zach",Orioles,pitcher
"Gibson, Kyle",Orioles,pitcher
"Hiraldo, Yaramil",Orioles,pitcher
"Kittredge, Andrew",Orioles,pitcher
"Kremer, Dean",Orioles,pitcher
"Martin, Corbin",Orioles,pitcher
"Mateo, Jorge",Orioles,pitcher
"McDermott, Chayce",Orioles,pitcher
"Morton, Charlie",Orioles,pitcher
"Poteet, Cody",Orioles,pitcher
"Povich, Cade",Orioles,pitcher
"PÃ©rez, Cionel",Orioles,pitcher
"Rivera, Emmanuel",Orioles,pitcher
"Rogers, Trevor",Orioles,pitcher
"Selby, Colin",Orioles,pitcher
"Soto, Gregory",Orioles,pitcher
"Stallings, Jacob",Orioles,pitcher
"Strowd, Kade",Orioles,pitcher
"Sugano, Tomoyuki",Orioles,pitcher
"SuÃ¡rez, Albert",Orioles,pitcher
"SÃ¡nchez, Gary",Orioles,pitcher
"VÃ¡zquez, Luis",Orioles,pitcher
"Wolfram, Grant",Orioles,pitcher
"Young, Brandon",Orioles,pitcher
"Arraez, Luis",Padres,batter
"Bogaerts, Xander",Padres,batter
"Brooks, Trenton",Padres,batter
"Campusano, Luis",Padres,batter
"Cronenworth, Jake",Padres,batter
"DÃ­az, Elias",Padres,batter
"Gonzalez, Oscar",Padres,batter
"Gurriel, Yuli",Padres,batter
"Heyward, Jason",Padres,batter
"Iglesias, Jose",Padres,batter
"Joe, Connor",Padres,batter
"Johnson, Bryce",Padres,batter
"Lockridge, Brandon",Padres,batter
"Machado, Manny",Padres,batter
"Maldonado, MartÃ­n",Padres,batter
"McCoy, Mason",Padres,batter
"Merrill, Jackson",Padres,batter
"Ornelas, Tirso",Padres,batter
"Sheets, Gavin",Padres,batter
"Tatis Jr., Fernando",Padres,batter
"Wade, Tyler",Padres,batter
"Adam, Jason",Padres,pitcher
"Bergert, Ryan",Padres,pitcher
"Cease, Dylan",Padres,pitcher
"Cruz, Omar",Padres,pitcher
"Darvish, Yu",Padres,pitcher
"Estrada, Jeremiah",Padres,pitcher
"Gillaspie, Logan",Padres,pitcher
"Hart, Kyle",Padres,pitcher
"Hoeing, Bryan",Padres,pitcher
"Jacob, Alek",Padres,pitcher
"King, Michael",Padres,pitcher
"Kolek, Stephen",Padres,pitcher
"Matsui, Yuki",Padres,pitcher
"Morejon, Adrian",Padres,pitcher
"Morgan, David",Padres,pitcher
"NÃºÃ±ez, Eduarniel",Padres,pitcher
"Peralta, Wandy",Padres,pitcher
"Pivetta, Nick",Padres,pitcher
"Reynolds, Sean",Padres,pitcher
"Rodriguez, Bradgley",Padres,pitcher
"Suarez, Robert",Padres,pitcher
"VÃ¡squez, Randy",Padres,pitcher
"Wade, Tyler",Padres,pitcher
"Waldron, Matt",Padres,pitcher
"Bohm, Alec",Phillies,batter
"Castellanos, Nick",Phillies,batter
"Clemens, Kody",Phillies,batter
"Harper, Bryce",Phillies,batter
"Kemp, Otto",Phillies,batter
"Kennedy, Buddy",Phillies,batter
"Kepler, Max",Phillies,batter
"MarchÃ¡n, Rafael",Phillies,batter
"Marsh, Brandon",Phillies,batter
"Realmuto, J.T.",Phillies,batter
"Rojas, Johan",Phillies,batter
"Schwarber, Kyle",Phillies,batter
"Sosa, Edmundo",Phillies,batter
"Stevenson, Cal",Phillies,batter
"Stott, Bryson",Phillies,batter
"Turner, Trea",Phillies,batter
"Wilson, Weston",Phillies,batter
"Abel, Mick",Phillies,pitcher
"Alvarado, JosÃ©",Phillies,pitcher
"Banks, Tanner",Phillies,pitcher
"Johnson, Seth",Phillies,pitcher
"Kerkering, Orion",Phillies,pitcher
"Lazar, Max",Phillies,pitcher
"Luzardo, JesÃºs",Phillies,pitcher
"Mercado, Michael",Phillies,pitcher
"Nola, Aaron",Phillies,pitcher
"Rangel, Alan",Phillies,pitcher
"Robert, Daniel",Phillies,pitcher
"Romano, Jordan",Phillies,pitcher
"Ross, Joe",Phillies,pitcher
"Strahm, Matt",Phillies,pitcher
"SuÃ¡rez, Ranger",Phillies,pitcher
"SÃ¡nchez, Cristopher",Phillies,pitcher
"Walker, Taijuan",Phillies,pitcher
"Wheeler, Zack",Phillies,pitcher
"Wilson, Weston",Phillies,pitcher
"de Geus, Brett",Phillies,pitcher
"Bae, Ji Hwan",Pirates,batter
"Bart, Joey",Pirates,batter
"Canario, Alexander",Pirates,batter
"Cheng, Tsung-Che",Pirates,batter
"Cook, Billy",Pirates,batter
"Cruz, Oneil",Pirates,batter
"Davis, Henry",Pirates,batter
"Frazier, Adam",Pirates,batter
"Gonzales, Nick",Pirates,batter
"Gorski, Matt",Pirates,batter
"Hayes, Ke'Bryan",Pirates,batter
"Horwitz, Spencer",Pirates,batter
"Kiner-Falefa, Isiah",Pirates,batter
"McCutchen, Andrew",Pirates,batter
"Peguero, Liover",Pirates,batter
"Pham, Tommy",Pirates,batter
"Reynolds, Bryan",Pirates,batter
"RodrÃ­guez, Endy",Pirates,batter
"Solak, Nick",Pirates,batter
"Sullivan, Brett",Pirates,batter
"Suwinski, Jack",Pirates,batter
"Triolo, Jared",Pirates,batter
"Valdez, Enmanuel",Pirates,batter
"Ashcraft, Braxton",Pirates,pitcher
"Bednar, David",Pirates,pitcher
"Borucki, Ryan",Pirates,pitcher
"Burrows, Mike",Pirates,pitcher
"Cabrera, GÃ©nesis",Pirates,pitcher
"Darrell-Hicks, Michael",Pirates,pitcher
"Falter, Bailey",Pirates,pitcher
"Ferguson, Caleb",Pirates,pitcher
"Harrington, Thomas",Pirates,pitcher
"Heaney, Andrew",Pirates,pitcher
"Holderman, Colin",Pirates,pitcher
"Keller, Mitch",Pirates,pitcher
"Lawrence, Justin",Pirates,pitcher
"Mattson, Isaac",Pirates,pitcher
"Mayza, Tim",Pirates,pitcher
"Mlodzinski, Carmen",Pirates,pitcher
"Nicolas, Kyle",Pirates,pitcher
"Rainey, Tanner",Pirates,pitcher
"Santana, Dennis",Pirates,pitcher
"Shugart, Chase",Pirates,pitcher
"Skenes, Paul",Pirates,pitcher
"Stratton, Hunter",Pirates,pitcher
"Ahmed, Nick",Rangers,batter
"Barnhart, Tucker",Rangers,batter
"Burger, Jake",Rangers,batter
"Carter, Evan",Rangers,batter
"Crim, Blaine",Rangers,batter
"Duran, Ezequiel",Rangers,batter
"Foscue, Justin",Rangers,batter
"GarcÃ­a, Adolis",Rangers,batter
"Haggerty, Sam",Rangers,batter
"Harris, Dustin",Rangers,batter
"Heim, Jonah",Rangers,batter
"Helman, Michael",Rangers,batter
"Higashioka, Kyle",Rangers,batter
"Jung, Josh",Rangers,batter
"Langford, Wyatt",Rangers,batter
"Leiter, Jack",Rangers,batter
"McKinney, Billy",Rangers,batter
"Ornelas, Jonathan",Rangers,batter
"Osuna, Alejandro",Rangers,batter
"Pederson, Joc",Rangers,batter
"Pillar, Kevin",Rangers,batter
"Seager, Corey",Rangers,batter
"Semien, Marcus",Rangers,batter
"Smith, Josh",Rangers,batter
"Taveras, Leody",Rangers,batter
"Armstrong, Shawn",Rangers,pitcher
"Barnhart, Tucker",Rangers,pitcher
"Boushley, Caleb",Rangers,pitcher
"Church, Marc",Rangers,pitcher
"Corbin, Patrick",Rangers,pitcher
"Dunning, Dane",Rangers,pitcher
"Duran, Ezequiel",Rangers,pitcher
"Eovaldi, Nathan",Rangers,pitcher
"Garabito, Gerson",Rangers,pitcher
"Garcia, Robert",Rangers,pitcher
"Heuer, Codi",Rangers,pitcher
"Jackson, Luke",Rangers,pitcher
"Latz, Jacob",Rangers,pitcher
"Leiter, Jack",Rangers,pitcher
"Mahle, Tyler",Rangers,pitcher
"Martin, Chris",Rangers,pitcher
"Milner, Hoby",Rangers,pitcher
"Rocker, Kumar",Rangers,pitcher
"Webb, Jacob",Rangers,pitcher
"Winn, Cole",Rangers,pitcher
"deGrom, Jacob",Rangers,pitcher
"Aranda, Jonathan",Rays,batter
"Caballero, JosÃ©",Rays,batter
"Caminero, Junior",Rays,batter
"DeLuca, Jonny",Rays,batter
"DÃ­az, Yandy",Rays,batter
"Jankowski, Travis",Rays,batter
"Jansen, Danny",Rays,batter
"Kim, Ha-Seong",Rays,batter
"Lowe, Brandon",Rays,batter
"Lowe, Josh",Rays,batter
"Mangum, Jake",Rays,batter
"Mead, Curtis",Rays,batter
"Misner, Kameron",Rays,batter
"Montes, Coco",Rays,batter
"Morel, Christopher",Rays,batter
"Palacios, Richie",Rays,batter
"Rortvedt, Ben",Rays,batter
"Simpson, Chandler",Rays,batter
"Thaiss, Matt",Rays,batter
"Walls, Taylor",Rays,batter
"Baz, Shane",Rays,pitcher
"Bigge, Hunter",Rays,pitcher
"Boyle, Joe",Rays,pitcher
"Bradley, Taj",Rays,pitcher
"Caballero, JosÃ©",Rays,pitcher
"Cleavinger, Garrett",Rays,pitcher
"Englert, Mason",Rays,pitcher
"Fairbanks, Pete",Rays,pitcher
"Gervase, Paul",Rays,pitcher
"Kelly, Kevin",Rays,pitcher
"Littell, Zack",Rays,pitcher
"Montgomery, Mason",Rays,pitcher
"Orze, Eric",Rays,pitcher
"Pepiot, Ryan",Rays,pitcher
"Rasmussen, Drew",Rays,pitcher
"Rock, Joe",Rays,pitcher
"RodrÃ­guez, Manuel",Rays,pitcher
"Seabold, Connor",Rays,pitcher
"Seymour, Ian",Rays,pitcher
"Sulser, Cole",Rays,pitcher
"Uceta, Edwin",Rays,pitcher
"Whitley, Forrest",Rays,pitcher
"Abreu, Wilyer",RedSox,batter
"Anthony, Roman",RedSox,batter
"Bregman, Alex",RedSox,batter
"Campbell, Kristian",RedSox,batter
"Casas, Triston",RedSox,batter
"Devers, Rafael",RedSox,batter
"Duran, Jarren",RedSox,batter
"Eaton, Nate",RedSox,batter
"Gonzalez, Romy",RedSox,batter
"Hamilton, David",RedSox,batter
"Mayer, Marcelo",RedSox,batter
"NarvÃ¡ez, Carlos",RedSox,batter
"Rafaela, Ceddanne",RedSox,batter
"Refsnyder, Rob",RedSox,batter
"Sabol, Blake",RedSox,batter
"Sogard, Nick",RedSox,batter
"Story, Trevor",RedSox,batter
"Toro, Abraham",RedSox,batter
"Wong, Connor",RedSox,batter
"Alcala, Jorge",RedSox,pitcher
"Bello, Brayan",RedSox,pitcher
"Bernardino, Brennan",RedSox,pitcher
"Buehler, Walker",RedSox,pitcher
"Burdi, Nick",RedSox,pitcher
"Chapman, Aroldis",RedSox,pitcher
"Criswell, Cooper",RedSox,pitcher
"Crochet, Garrett",RedSox,pitcher
"Dobbins, Hunter",RedSox,pitcher
"Eaton, Nate",RedSox,pitcher
"Fitts, Richard",RedSox,pitcher
"Giolito, Lucas",RedSox,pitcher
"Guerrero, Luis",RedSox,pitcher
"Hendriks, Liam",RedSox,pitcher
"Hicks, Jordan",RedSox,pitcher
"Houck, Tanner",RedSox,pitcher
"Kelly, Zack",RedSox,pitcher
"Murphy, Chris",RedSox,pitcher
"Slaten, Justin",RedSox,pitcher
"Stock, Robert",RedSox,pitcher
"Toro, Abraham",RedSox,pitcher
"Weissert, Greg",RedSox,pitcher
"Whitlock, Garrett",RedSox,pitcher
"Wilson, Justin",RedSox,pitcher
"Winckowski, Josh",RedSox,pitcher
"Benson, Will",Reds,batter
"Callihan, Tyler",Reds,batter
"Candelario, Jeimer",Reds,batter
"De La Cruz, Elly",Reds,batter
"Dunn, Blake",Reds,batter
"Encarnacion-Strand, Christian",Reds,batter
"Espinal, Santiago",Reds,batter
"Fraley, Jake",Reds,batter
"Friedl, TJ",Reds,batter
"Hampson, Garrett",Reds,batter
"Hays, Austin",Reds,batter
"Hinds, Rece",Reds,batter
"Hurtubise, Jacob",Reds,batter
"Joe, Connor",Reds,batter
"Lux, Gavin",Reds,batter
"Marte, Noelvi",Reds,batter
"McLain, Matt",Reds,batter
"Steer, Spencer",Reds,batter
"Stephenson, Tyler",Reds,batter
"Trevino, Jose",Reds,batter
"Wynns, Austin",Reds,batter
"Abbott, Andrew",Reds,pitcher
"Ashcraft, Graham",Reds,pitcher
"Barlow, Scott",Reds,pitcher
"Burns, Chase",Reds,pitcher
"DÃ­az, Alexis",Reds,pitcher
"Gibaut, Ian",Reds,pitcher
"Greene, Hunter",Reds,pitcher
"La Sorsa, Joe",Reds,pitcher
"Lodolo, Nick",Reds,pitcher
"Martinez, Nick",Reds,pitcher
"Mey, Luis",Reds,pitcher
"Miley, Wade",Reds,pitcher
"Moll, Sam",Reds,pitcher
"PagÃ¡n, Emilio",Reds,pitcher
"Petty, Chase",Reds,pitcher
"Phillips, Connor",Reds,pitcher
"Richardson, Lyon",Reds,pitcher
"Rogers, Taylor",Reds,pitcher
"Santillan, Tony",Reds,pitcher
"Singer, Brady",Reds,pitcher
"Spiers, Carson",Reds,pitcher
"Suter, Brent",Reds,pitcher
"Trevino, Jose",Reds,pitcher
"Wynne, Randy",Reds,pitcher
"Zulueta, Yosver",Reds,pitcher
"Amador, Adael",Rockies,batter
"Arcia, Orlando",Rockies,batter
"Beck, Jordan",Rockies,batter
"Bouchard, Sean",Rockies,batter
"Bryant, Kris",Rockies,batter
"Doyle, Brenton",Rockies,batter
"Estrada, Thairo",Rockies,batter
"Farmer, Kyle",Rockies,batter
"FernÃ¡ndez, Yanquiel",Rockies,batter
"Freeman, Tyler",Rockies,batter
"Fulford, Braxton",Rockies,batter
"Goodman, Hunter",Rockies,batter
"Hilliard, Sam",Rockies,batter
"Hiura, Keston",Rockies,batter
"Martini, Nick",Rockies,batter
"McMahon, Ryan",Rockies,batter
"Miller, Owen",Rockies,batter
"Moniak, Mickey",Rockies,batter
"Nola, Austin",Rockies,batter
"Ritter, Ryan",Rockies,batter
"Schunk, Aaron",Rockies,batter
"Stallings, Jacob",Rockies,batter
"Toglia, Michael",Rockies,batter
"Tovar, Ezequiel",Rockies,batter
"Trejo, Alan",Rockies,batter
"Veen, Zac",Rockies,batter
"Agnos, Zach",Rockies,pitcher
"Alexander, Scott",Rockies,pitcher
"Bird, Jake",Rockies,pitcher
"Blalock, Bradley",Rockies,pitcher
"Chivilli, Angel",Rockies,pitcher
"Dollander, Chase",Rockies,pitcher
"Feltner, Ryan",Rockies,pitcher
"Freeland, Kyle",Rockies,pitcher
"Gomber, Austin",Rockies,pitcher
"Gordon, Tanner",Rockies,pitcher
"Halvorsen, Seth",Rockies,pitcher
"Herget, Jimmy",Rockies,pitcher
"Hill, Jaden",Rockies,pitcher
"Kinley, Tyler",Rockies,pitcher
"Mejia, Juan",Rockies,pitcher
"Molina, Anthony",Rockies,pitcher
"MÃ¡rquez, GermÃ¡n",Rockies,pitcher
"Palmquist, Carson",Rockies,pitcher
"Peralta, Luis",Rockies,pitcher
"Rolison, Ryan",Rockies,pitcher
"Senzatela, Antonio",Rockies,pitcher
"Trejo, Alan",Rockies,pitcher
"Vodnik, Victor",Rockies,pitcher
"Biggio, Cavan",Royals,batter
"Blanco, Dairon",Royals,batter
"Caglianone, Jac",Royals,batter
"Canha, Mark",Royals,batter
"Fermin, Freddy",Royals,batter
"Garcia, Maikel",Royals,batter
"India, Jonathan",Royals,batter
"Isbel, Kyle",Royals,batter
"Loftin, Nick",Royals,batter
"Maile, Luke",Royals,batter
"Massey, Michael",Royals,batter
"Melendez, MJ",Royals,batter
"Pasquantino, Vinnie",Royals,batter
"Perez, Salvador",Royals,batter
"Rave, John",Royals,batter
"Renfroe, Hunter",Royals,batter
"Tolbert, Tyler",Royals,batter
"Waters, Drew",Royals,batter
"Witt Jr., Bobby",Royals,batter
"Bowlan, Jonathan",Royals,pitcher
"Bubic, Kris",Royals,pitcher
"Cameron, Noah",Royals,pitcher
"Clarke, Taylor",Royals,pitcher
"Cruz, Steven",Royals,pitcher
"Erceg, Lucas",Royals,pitcher
"EstÃ©vez, Carlos",Royals,pitcher
"Harvey, Hunter",Royals,pitcher
"Hoffmann, Andrew",Royals,pitcher
"Long, Sam",Royals,pitcher
"Lorenzen, Michael",Royals,pitcher
"Lugo, Seth",Royals,pitcher
"Lynch IV, Daniel",Royals,pitcher
"Ragans, Cole",Royals,pitcher
"Richards, Trevor",Royals,pitcher
"Schreiber, John",Royals,pitcher
"Sisk, Evan",Royals,pitcher
"Wacha, Michael",Royals,pitcher
"Zerpa, Angel",Royals,pitcher
"Baddoo, Akil",Tigers,batter
"BÃ¡ez, Javier",Tigers,batter
"Carpenter, Kerry",Tigers,batter
"Dingler, Dillon",Tigers,batter
"Greene, Riley",Tigers,batter
"Hicklen, Brewer",Tigers,batter
"IbÃ¡Ã±ez, Andy",Tigers,batter
"Jones, Jahmai",Tigers,batter
"Jung, Jace",Tigers,batter
"Keith, Colt",Tigers,batter
"Kreidler, Ryan",Tigers,batter
"Malloy, Justyn-Henry",Tigers,batter
"Margot, Manuel",Tigers,batter
"McKinstry, Zach",Tigers,batter
"Meadows, Parker",Tigers,batter
"Nido, TomÃ¡s",Tigers,batter
"PÃ©rez, Wenceel",Tigers,batter
"Rogers, Jake",Tigers,batter
"Sweeney, Trey",Tigers,batter
"Torkelson, Spencer",Tigers,batter
"Torres, Gleyber",Tigers,batter
"Vierling, Matt",Tigers,batter
"Brebbia, John",Tigers,pitcher
"Brieske, Beau",Tigers,pitcher
"Enns, Dietrich",Tigers,pitcher
"Flaherty, Jack",Tigers,pitcher
"Gage, Matt",Tigers,pitcher
"Gipson-Long, Sawyer",Tigers,pitcher
"Guenther, Sean",Tigers,pitcher
"Hanifee, Brenan",Tigers,pitcher
"HernÃ¡ndez, Carlos",Tigers,pitcher
"Holton, Tyler",Tigers,pitcher
"Horn, Bailey",Tigers,pitcher
"Hurter, Brant",Tigers,pitcher
"Jobe, Jackson",Tigers,pitcher
"Kahnle, Tommy",Tigers,pitcher
"Lee, Chase",Tigers,pitcher
"Maeda, Kenta",Tigers,pitcher
"Mize, Casey",Tigers,pitcher
"Montero, Keider",Tigers,pitcher
"Olson, Reese",Tigers,pitcher
"Owens, Tyler",Tigers,pitcher
"Rogers, Jake",Tigers,pitcher
"Skubal, Tarik",Tigers,pitcher
"Smith, Dylan",Tigers,pitcher
"Vest, Will",Tigers,pitcher
"Bader, Harrison",Twins,batter
"Bride, Jonah",Twins,batter
"Buxton, Byron",Twins,batter
"Castro, Willi",Twins,batter
"Clemens, Kody",Twins,batter
"Correa, Carlos",Twins,batter
"Fitzgerald, Ryan",Twins,batter
"France, Ty",Twins,batter
"Gasper, Mickey",Twins,batter
"Jeffers, Ryan",Twins,batter
"Julien, Edouard",Twins,batter
"Keaschall, Luke",Twins,batter
"Keirsey Jr., DaShawn",Twins,batter
"Larnach, Trevor",Twins,batter
"Lee, Brooks",Twins,batter
"Lewis, Royce",Twins,batter
"McCusker, Carson",Twins,batter
"Miranda, Jose",Twins,batter
"VÃ¡zquez, Christian",Twins,batter
"Wallner, Matt",Twins,batter
"Adams, Travis",Twins,pitcher
"Bride, Jonah",Twins,pitcher
"Castro, Willi",Twins,pitcher
"Coulombe, Danny",Twins,pitcher
"Dobnak, Randy",Twins,pitcher
"Duran, Jhoan",Twins,pitcher
"Festa, David",Twins,pitcher
"Funderburk, Kody",Twins,pitcher
"Jax, Griffin",Twins,pitcher
"LÃ³pez, Pablo",Twins,pitcher
"Matthews, Zebby",Twins,pitcher
"McCaughan, Darren",Twins,pitcher
"Ober, Bailey",Twins,pitcher
"Paddack, Chris",Twins,pitcher
"Ryan, Joe",Twins,pitcher
"Sands, Cole",Twins,pitcher
"Stewart, Brock",Twins,pitcher
"Topa, Justin",Twins,pitcher
"Varland, Louis",Twins,pitcher
"Wentz, Joey",Twins,pitcher
"Woods Richardson, Simeon",Twins,pitcher
"Alexander, Tyler",WhiteSox,batter
"Amaya, Jacob",WhiteSox,batter
"Baldwin, Brooks",WhiteSox,batter
"Benintendi, Andrew",WhiteSox,batter
"Capra, Vinny",WhiteSox,batter
"Dalbec, Bobby",WhiteSox,batter
"Elko, Tim",WhiteSox,batter
"Jankowski, Travis",WhiteSox,batter
"Jones, Greg",WhiteSox,batter
"Lee, Korey",WhiteSox,batter
"Maton, Nick",WhiteSox,batter
"Meidroth, Chase",WhiteSox,batter
"Montgomery, Colson",WhiteSox,batter
"NarvÃ¡ez, Omar",WhiteSox,batter
"Noda, Ryan",WhiteSox,batter
"Palacios, Joshua",WhiteSox,batter
"Quero, Edgar",WhiteSox,batter
"Robert Jr., Luis",WhiteSox,batter
"Rojas, Josh",WhiteSox,batter
"Slater, Austin",WhiteSox,batter
"Sosa, Lenyn",WhiteSox,batter
"Tauchman, Mike",WhiteSox,batter
"Taylor, Michael A.",WhiteSox,batter
"Teel, Kyle",WhiteSox,batter
"Thaiss, Matt",WhiteSox,batter
"Vargas, Miguel",WhiteSox,batter
"Vaughn, Andrew",WhiteSox,batter
"Workman, Gage",WhiteSox,batter
"Alexander, Tyler",WhiteSox,pitcher
"Altavilla, Dan",WhiteSox,pitcher
"Booser, Cam",WhiteSox,pitcher
"Burke, Sean",WhiteSox,pitcher
"Cannon, Jonathan",WhiteSox,pitcher
"Capra, Vinny",WhiteSox,pitcher
"Castro, Miguel",WhiteSox,pitcher
"Civale, Aaron",WhiteSox,pitcher
"Clevinger, Mike",WhiteSox,pitcher
"Eisert, Brandon",WhiteSox,pitcher
"Ellard, Fraser",WhiteSox,pitcher
"Freeman, Caleb",WhiteSox,pitcher
"Gilbert, Tyler",WhiteSox,pitcher
"GonzÃ¡lez, Wikelman",WhiteSox,pitcher
"GÃ³mez, Yoendrys",WhiteSox,pitcher
"Houser, Adrian",WhiteSox,pitcher
"Leasure, Jordan",WhiteSox,pitcher
"Martin, Davis",WhiteSox,pitcher
"Murfee, Penn",WhiteSox,pitcher
"Palisch, Jake",WhiteSox,pitcher
"PÃ©rez, MartÃ­n",WhiteSox,pitcher
"Shuster, Jared",WhiteSox,pitcher
"Smith, Shane",WhiteSox,pitcher
"Taylor, Grant",WhiteSox,pitcher
"Vasil, Mike",WhiteSox,pitcher
"White, Owen",WhiteSox,pitcher
"Wilson, Bryse",WhiteSox,pitcher
"Wilson, Steven",WhiteSox,pitcher
"Bellinger, Cody",Yankees,batter
"Cabrera, Oswaldo",Yankees,batter
"Chisholm Jr., Jazz",Yankees,batter
"DomÃ­nguez, Jasson",Yankees,batter
"Escarra, J.C.",Yankees,batter
"Goldschmidt, Paul",Yankees,batter
"Grisham, Trent",Yankees,batter
"Judge, Aaron",Yankees,batter
"LeMahieu, DJ",Yankees,batter
"Peraza, Oswald",Yankees,batter
"Reyes, Pablo",Yankees,batter
"Rice, Ben",Yankees,batter
"Stanton, Giancarlo",Yankees,batter
"Vivas, Jorbit",Yankees,batter
"Volpe, Anthony",Yankees,batter
"Wells, Austin",Yankees,batter
"Beeter, Clayton",Yankees,pitcher
"Brubaker, JT",Yankees,pitcher
"Carrasco, Carlos",Yankees,pitcher
"Cruz, Fernando",Yankees,pitcher
"De los Santos, Yerry",Yankees,pitcher
"Effross, Scott",Yankees,pitcher
"Fried, Max",Yankees,pitcher
"Hamilton, Ian",Yankees,pitcher
"Hartlieb, Geoff",Yankees,pitcher
"Headrick, Brent",Yankees,pitcher
"Hill, Tim",Yankees,pitcher
"Leiter Jr., Mark",Yankees,pitcher
"LoÃ¡isiga, Jonathan",Yankees,pitcher
"Matzek, Tyler",Yankees,pitcher
"Ottavino, Adam",Yankees,pitcher
"Reyes, Pablo",Yankees,pitcher
"RodÃ³n, Carlos",Yankees,pitcher
"Sandridge, Jayvien",Yankees,pitcher
"Schmidt, Clarke",Yankees,pitcher
"Stroman, Marcus",Yankees,pitcher
"Warren, Will",Yankees,pitcher
"Weaver, Luke",Yankees,pitcher
"Williams, Devin",Yankees,pitcher
"Winans, Allan",Yankees,pitcher
"Yarbrough, Ryan",Yankees,pitcher
