name,player_id,team,type,"last_name, first_name",year,player_age,ab,pa,hit,single,double,triple,home_run,strikeout,walk,k_percent,bb_percent,batting_avg,slg_percent,on_base_percent,on_base_plus_slg,xba,xslg,woba,xwoba,xobp,xiso,avg_swing_speed,fast_swing_rate,blasts_contact,blasts_swing,squared_up_contact,squared_up_swing,avg_swing_length,swords,attack_angle,attack_direction,ideal_angle_rate,vertical_swing_path,exit_velocity_avg,launch_angle_avg,sweet_spot_percent,barrel_batted_rate,hard_hit_percent,avg_best_speed,avg_hyper_speed,whiff_percent,swing_percent,venue,location,temperature,wind_speed,wind_direction,humidity,precipitation,condition,notes,game_time,home_team_weather,away_team_weather,fetched_at,adj_woba_weather
"Neto, Zach",687263,Angels,batter,"Neto, Zach",2025,24,305,328,85,51,18,1,15,87,16,26.5,4.9,0.279,0.492,0.326,0.818,0.282,0.536,0.351,0.368,0.331,0.254,71.4,14.4,18.9,14.1,38.9,28.9,7.0,13,15.9,-5.0,53.7,37.4,91.4,15.7,40.6,14.6,47.9,101.945308611,95.530332222,27.4,47.8,Citizens Bank Park,"Citizens Bank Park, Philadelphia",80.1,4.9,SW,87,0.0,Mist,Roof open,6:05 PM,Phillies,Angels,2025-07-27 03:22:28 PM,0.351
"Goldschmidt, Paul",502671,Yankees,batter,"Goldschmidt, Paul",2025,37,334,367,96,65,22,1,8,61,28,16.6,7.6,0.287,0.431,0.345,0.776,0.281,0.475,0.335,0.347,0.34,0.194,72.9,25.3,16.1,13.3,33.3,27.6,7.6,5,10.0,1.9,52.1,31.6,90.3,14.6,36.1,8.0,42.7,100.733490368,94.693270735,18.9,48.2,Truist Park,"Truist Park, Atlanta",86.4,8.9,NW,58,0.0,Sunny,Roof open,7:15 PM,Braves,Yankees,2025-07-27 03:22:29 PM,0.34505
"Kurtz, Nick",701762,Athletics,batter,"Kurtz, Nick",2025,22,206,235,53,26,9,1,17,78,25,33.2,10.6,0.257,0.558,0.333,0.891,0.242,0.529,0.376,0.359,0.321,0.288,77.5,77.1,23.1,15.8,28.3,19.3,7.7,11,13.1,-0.2,45.0,38.7,92.4,15.3,38.2,16.8,50.4,103.844952879,96.80713313,34.4,43.8,Progressive Field,"Progressive Field, Cleveland",79.0,8.7,WNW,88,0.0,Overcast,Roof open,7:10 PM,Guardians,Athletics,2025-07-27 03:22:29 PM,0.376
"Herrera, Ivan",671056,Cardinals,batter,"Herrera, Ivan",2025,25,153,175,49,33,8,0,8,32,17,18.3,9.7,0.32,0.529,0.394,0.923,0.287,0.519,0.398,0.38,0.367,0.232,75.1,54.6,16.4,12.6,28.8,22.2,7.9,2,10.4,-1.4,49.1,32.8,89.8,11.2,34.1,11.4,43.9,101.965610656,95.313070248,23.8,46.2,Chase Field,"Chase Field, Phoenix",89.1,2.2,SW,16,0.0,Partly cloudy,Roof closed,7:15 PM,Diamondbacks,Cardinals,2025-07-27 03:22:29 PM,0.40994
"Schuemann, Max",680474,Athletics,batter,"Schuemann, Max",2025,28,97,116,23,18,1,2,2,19,16,16.4,13.8,0.237,0.351,0.353,0.704,0.224,0.337,0.319,0.311,0.344,0.113,68.4,1.7,8.3,6.1,31.8,23.5,6.7,7,7.6,3.4,55.9,30.5,86.1,13.4,32.9,3.8,30.4,96.920592051,92.520094231,26.2,46.9,Progressive Field,"Progressive Field, Cleveland",79.0,8.7,WNW,88,0.0,Overcast,Roof open,7:10 PM,Guardians,Athletics,2025-07-27 03:22:29 PM,0.319
"Pasquantino, Vinnie",686469,Royals,batter,"Pasquantino, Vinnie",2025,27,371,404,101,71,14,1,15,68,27,16.8,6.7,0.272,0.437,0.329,0.766,0.269,0.456,0.332,0.337,0.328,0.187,72.9,30.1,18.1,14.9,35.8,29.5,7.4,8,9.7,-9.1,54.5,29.5,90.9,16.1,31.3,8.6,44.7,101.437371722,95.030132119,19.0,48.8,loanDepot park,"loanDepot park, Miami",88.0,10.1,ENE,59,0.0,Partly cloudy,Roof closed,4:10 PM,Marlins,Royals,2025-07-27 03:22:28 PM,0.34196000000000004
"Isbel, Kyle",664728,Royals,batter,"Isbel, Kyle",2025,28,229,250,56,39,10,4,3,49,9,19.6,3.6,0.245,0.362,0.27,0.632,0.227,0.305,0.273,0.247,0.255,0.078,70.4,10.3,12.5,10.0,31.9,25.6,7.1,3,2.9,-5.6,37.4,23.9,87.5,11.4,27.1,1.6,34.4,99.386796552,93.735699885,19.5,47.5,loanDepot park,"loanDepot park, Miami",88.0,10.1,ENE,59,0.0,Partly cloudy,Roof closed,4:10 PM,Marlins,Royals,2025-07-27 03:22:28 PM,0.28119000000000005
"Saggese, Thomas",695336,Cardinals,batter,"Saggese, Thomas",2025,23,86,90,20,14,5,0,1,23,3,25.6,3.3,0.233,0.326,0.256,0.582,0.229,0.344,0.254,0.258,0.254,0.116,69.8,2.8,12.4,9.0,34.9,25.4,7.0,5,7.2,7.6,37.9,39.2,90.5,13.5,35.9,3.1,45.3,99.738285938,94.341944375,28.4,55.5,Chase Field,"Chase Field, Phoenix",89.1,2.2,SW,16,0.0,Partly cloudy,Roof closed,7:15 PM,Diamondbacks,Cardinals,2025-07-27 03:22:29 PM,0.26162
"Dubon, Mauricio",643289,Astros,batter,"Dubon, Mauricio",2025,30,200,214,51,31,14,0,6,19,11,8.9,5.1,0.255,0.415,0.292,0.707,0.242,0.337,0.307,0.272,0.281,0.094,68.8,3.9,8.6,7.3,32.9,27.9,7.5,7,4.6,1.5,40.0,30.6,84.6,11.9,30.4,1.6,28.8,96.188981573,92.108756404,17.1,57.3,T-Mobile Park,"T-Mobile Park, Seattle",59.4,2.7,S,72,0.0,Overcast,Roof open,9:40 PM,Mariners,Astros,2025-07-27 03:22:29 PM,0.307
"Winn, Masyn",691026,Cardinals,batter,"Winn, Masyn",2025,23,325,358,83,57,19,0,7,64,27,17.9,7.5,0.255,0.378,0.317,0.695,0.255,0.375,0.307,0.305,0.316,0.121,71.3,18.2,13.0,10.7,31.9,26.1,7.5,5,6.2,-5.1,44.8,29.4,88.3,17.1,32.6,5.7,36.4,99.379670308,93.760730192,18.8,43.9,Chase Field,"Chase Field, Phoenix",89.1,2.2,SW,16,0.0,Partly cloudy,Roof closed,7:15 PM,Diamondbacks,Cardinals,2025-07-27 03:22:29 PM,0.31621
"Smith, Cam",701358,Astros,batter,"Smith, Cam",2025,22,292,323,81,56,16,2,7,89,27,27.6,8.4,0.277,0.418,0.347,0.765,0.276,0.432,0.337,0.34,0.345,0.156,74.5,48.3,16.6,12.2,26.3,19.3,7.3,9,6.6,-0.7,40.4,37.6,89.0,7.4,35.0,7.4,44.3,101.636868137,94.957075714,28.0,49.7,T-Mobile Park,"T-Mobile Park, Seattle",59.4,2.7,S,72,0.0,Overcast,Roof open,9:40 PM,Mariners,Astros,2025-07-27 03:22:29 PM,0.337
"Yelich, Christian",592885,Brewers,batter,"Yelich, Christian",2025,33,343,386,89,59,11,0,19,101,37,26.2,9.6,0.259,0.458,0.339,0.797,0.254,0.446,0.345,0.337,0.335,0.192,73.3,34.2,18.4,13.2,31.6,22.6,7.5,16,9.2,7.3,45.2,35.9,90.2,1.6,30.5,8.6,46.5,102.37141843,95.39734438,30.3,45.3,Dodger Stadium,"Dodger Stadium, Los Angeles",64.9,3.4,S,76,0.0,Overcast,Roof open,9:10 PM,Dodgers,Brewers,2025-07-27 03:22:29 PM,0.345
"Refsnyder, Rob",608701,Red Sox,batter,"Refsnyder, Rob",2025,34,106,124,29,17,7,0,5,33,15,26.6,12.1,0.274,0.481,0.363,0.844,0.255,0.451,0.362,0.343,0.347,0.195,73.3,32.6,21.2,15.5,37.2,27.3,7.6,5,12.6,-0.7,64.2,32.8,92.9,15.2,38.7,10.7,53.3,102.329729474,96.040535733,30.0,39.7,Wrigley Field,"Wrigley Field, Chicago",82.9,3.1,E,74,0.0,Partly cloudy,Roof open,7:15 PM,Cubs,Red Sox,2025-07-27 03:22:29 PM,0.362
"Ortiz, Joey",687401,Brewers,batter,"Ortiz, Joey",2025,26,291,319,61,46,9,0,6,52,20,16.3,6.3,0.21,0.302,0.268,0.57,0.243,0.332,0.256,0.281,0.299,0.089,72.8,27.1,13.3,11.1,27.8,23.3,7.6,5,2.3,-1.9,35.1,27.7,86.0,13.6,27.9,3.7,34.0,98.195100424,93.120885021,16.6,46.2,Dodger Stadium,"Dodger Stadium, Los Angeles",64.9,3.4,S,76,0.0,Overcast,Roof open,9:10 PM,Dodgers,Brewers,2025-07-27 03:22:29 PM,0.256
"Maldonado, Martin",455117,Padres,batter,"Maldonado, Martin",2025,38,129,141,23,16,3,0,4,52,7,36.9,5.0,0.178,0.295,0.221,0.516,0.199,0.378,0.228,0.267,0.24,0.179,71.1,15.8,15.2,8.9,38.4,22.6,7.5,8,14.8,-6.9,50.5,31.8,85.5,14.2,31.7,11.0,28.0,97.898636053,93.0194436,40.1,46.0,Nationals Park,"Nationals Park, Washington",86.2,5.8,W,77,0.0,Partly cloudy,Roof open,6:45 PM,Nationals,Padres,2025-07-27 03:22:28 PM,0.23484000000000002
"Arraez, Luis",650333,Padres,batter,"Arraez, Luis",2025,28,365,393,102,76,17,4,5,11,18,2.8,4.6,0.279,0.389,0.314,0.703,0.274,0.346,0.307,0.287,0.309,0.072,62.6,0.3,2.3,2.2,46.8,44.8,5.9,6,5.8,4.4,41.2,37.1,85.6,13.0,36.5,0.8,15.7,93.018952216,90.519720455,4.9,50.6,Nationals Park,"Nationals Park, Washington",86.2,5.8,W,77,0.0,Partly cloudy,Roof open,6:45 PM,Nationals,Padres,2025-07-27 03:22:28 PM,0.31621
"Paredes, Isaac",670623,Astros,batter,"Paredes, Isaac",2025,26,346,403,89,55,14,1,19,67,48,16.6,11.9,0.257,0.468,0.357,0.825,0.244,0.399,0.36,0.332,0.348,0.154,68.9,10.0,9.3,7.9,31.4,26.6,8.0,7,15.5,-15.0,54.3,32.4,87.2,22.4,37.4,6.0,33.1,97.920858429,93.055867491,15.5,40.6,T-Mobile Park,"T-Mobile Park, Seattle",59.4,2.7,S,72,0.0,Overcast,Roof open,9:40 PM,Mariners,Astros,2025-07-27 03:22:29 PM,0.36
"Rogers, Jake",668670,Tigers,batter,"Rogers, Jake",2025,30,66,79,11,7,2,1,1,20,11,25.3,13.9,0.167,0.273,0.282,0.555,0.189,0.311,0.256,0.283,0.307,0.122,70.4,4.9,9.6,7.3,34.0,26.0,7.4,5,15.1,-1.0,63.4,31.0,88.9,18.9,39.6,10.4,37.5,97.956233333,93.361545319,27.3,41.5,Globe Life Field,"Globe Life Field, Arlington",82.9,11.2,SSW,69,0.0,Partly cloudy,Roof closed,7:05 PM,Rangers,Tigers,2025-07-27 03:22:28 PM,0.256
"Rogers, Jake",668670,Tigers,pitcher,"Rogers, Jake",2025,30,66,79,11,7,2,1,1,20,11,25.3,13.9,0.167,0.273,0.282,0.555,0.189,0.311,0.256,0.283,0.307,0.122,70.4,4.9,9.6,7.3,34.0,26.0,7.4,5,15.1,-1.0,63.4,31.0,88.9,18.9,39.6,10.4,37.5,97.956233333,93.361545319,27.3,41.5,Globe Life Field,"Globe Life Field, Arlington",82.9,11.2,SSW,69,0.0,Partly cloudy,Roof closed,7:05 PM,Rangers,Tigers,2025-07-27 03:22:28 PM,0.256
"Torkelson, Spencer",679529,Tigers,batter,"Torkelson, Spencer",2025,25,325,383,76,35,20,0,21,92,44,24.0,11.5,0.234,0.489,0.337,0.826,0.239,0.515,0.351,0.363,0.343,0.276,73.1,25.2,15.2,11.5,31.8,24.0,7.7,10,13.1,-7.7,48.7,38.8,90.4,21.4,40.8,15.1,44.1,100.616932773,94.67701084,26.2,45.1,Globe Life Field,"Globe Life Field, Arlington",82.9,11.2,SSW,69,0.0,Partly cloudy,Roof closed,7:05 PM,Rangers,Tigers,2025-07-27 03:22:28 PM,0.351
"Bailey, Patrick",672275,Giants,batter,"Bailey, Patrick",2025,26,222,250,45,30,11,2,2,78,20,31.2,8.0,0.203,0.297,0.267,0.564,0.199,0.335,0.252,0.266,0.266,0.135,71.9,18.5,12.8,9.1,29.0,20.6,7.4,7,9.3,-3.5,47.5,33.1,88.7,15.0,33.8,6.6,37.1,99.27015137,93.715618973,31.0,50.0,Rogers Centre,"Rogers Centre, Toronto",82.4,5.8,WNW,66,0.0,Partly cloudy,Roof closed,3:07 PM,Blue Jays,Giants,2025-07-27 03:22:27 PM,0.252
"Sweeney, Trey",700242,Tigers,batter,"Sweeney, Trey",2025,25,223,249,48,37,5,1,5,64,22,25.7,8.8,0.215,0.314,0.281,0.595,0.211,0.317,0.266,0.266,0.279,0.106,73.7,30.7,13.4,10.0,26.9,20.0,7.5,10,7.8,-3.5,55.6,25.5,88.2,10.7,30.7,6.1,35.0,98.752854938,93.485828075,27.2,51.6,Globe Life Field,"Globe Life Field, Arlington",82.9,11.2,SSW,69,0.0,Partly cloudy,Roof closed,7:05 PM,Rangers,Tigers,2025-07-27 03:22:28 PM,0.266
"Wallner, Matt",670242,Twins,batter,"Wallner, Matt",2025,27,176,201,36,15,9,2,10,61,21,30.3,10.4,0.205,0.449,0.299,0.748,0.226,0.447,0.324,0.333,0.318,0.222,76.6,67.2,19.6,12.0,28.5,17.4,7.4,11,12.1,-6.0,58.7,27.9,91.9,20.3,29.3,13.8,48.3,103.370498103,96.284726696,40.1,50.6,Coors Field,"Coors Field, Denver",80.1,5.1,SSW,23,0.0,Sunny,Roof open,8:10 PM,Rockies,Twins,2025-07-27 03:22:29 PM,0.324
"Judge, Aaron",592450,Yankees,batter,"Judge, Aaron",2025,33,352,429,125,64,24,2,35,109,69,25.4,16.1,0.355,0.733,0.462,1.195,0.314,0.737,0.484,0.467,0.429,0.423,76.9,71.0,24.1,16.1,33.5,22.4,8.1,22,14.7,-6.1,53.1,38.5,95.3,18.3,37.7,26.3,56.7,106.691177419,98.485602146,35.1,45.8,Truist Park,"Truist Park, Atlanta",86.4,8.9,NW,58,0.0,Sunny,Roof open,7:15 PM,Braves,Yankees,2025-07-27 03:22:29 PM,0.49852
"Gelof, Zack",680869,Athletics,batter,"Gelof, Zack",2025,25,25,28,2,2,0,0,0,13,2,46.4,7.1,0.08,0.08,0.143,0.223,0.117,0.24,0.113,0.183,0.176,0.123,71.0,16.0,7.7,4.0,30.8,16.0,7.2,2,20.5,0.7,46.0,34.2,89.3,14.8,38.5,7.7,53.8,99.615614286,94.586036154,46.6,50.9,Progressive Field,"Progressive Field, Cleveland",79.0,8.7,WNW,88,0.0,Overcast,Roof open,7:10 PM,Guardians,Athletics,2025-07-27 03:22:29 PM,0.113
"Rooker, Brent",667670,Athletics,batter,"Rooker, Brent",2025,30,380,426,106,62,22,2,20,92,43,21.6,10.1,0.279,0.505,0.355,0.86,0.294,0.553,0.37,0.392,0.369,0.259,73.8,39.0,19.1,13.8,36.6,26.4,7.1,27,12.6,-6.6,45.6,35.8,91.6,14.7,38.9,14.6,48.3,102.094127778,95.611711771,31.0,49.3,Progressive Field,"Progressive Field, Cleveland",79.0,8.7,WNW,88,0.0,Overcast,Roof open,7:10 PM,Guardians,Athletics,2025-07-27 03:22:29 PM,0.37
"Urias, Ramon",602104,Orioles,batter,"Urias, Ramon",2025,31,228,256,55,40,9,0,6,53,18,20.7,7.0,0.241,0.36,0.293,0.653,0.238,0.372,0.285,0.295,0.296,0.134,70.4,9.3,12.4,9.5,34.7,26.7,7.6,10,13.4,2.4,72.6,27.5,88.9,12.3,31.7,6.6,38.5,98.999783626,93.763774641,25.0,47.5,George M. Steinbrenner Field,"George M. Steinbrenner Field, St. Petersburg",93.0,6.5,NE,64,0.0,Sunny,Roof closed,7:05 PM,Rays,Orioles,2025-07-27 03:22:28 PM,0.29355
"Diaz, Yainer",673237,Astros,batter,"Diaz, Yainer",2025,26,321,339,79,54,11,1,13,61,14,18.0,4.1,0.246,0.408,0.28,0.688,0.275,0.48,0.297,0.339,0.31,0.206,71.7,17.7,17.9,14.0,36.9,28.9,7.4,22,10.8,0.2,60.4,27.8,91.0,11.6,37.0,9.2,43.9,101.29445458,95.027016437,24.4,59.0,T-Mobile Park,"T-Mobile Park, Seattle",59.4,2.7,S,72,0.0,Overcast,Roof open,9:40 PM,Mariners,Astros,2025-07-27 03:22:29 PM,0.297
"Wilson, Jacob",805779,Athletics,batter,"Wilson, Jacob",2025,23,340,366,113,87,17,0,9,28,20,7.7,5.5,0.332,0.462,0.375,0.837,0.287,0.367,0.365,0.309,0.333,0.08,63.6,0.2,3.7,3.4,43.0,38.9,6.1,7,2.5,-1.0,36.1,35.3,85.2,7.9,32.2,2.2,25.2,95.208260839,91.621931586,9.7,51.0,Progressive Field,"Progressive Field, Cleveland",79.0,8.7,WNW,88,0.0,Overcast,Roof open,7:10 PM,Guardians,Athletics,2025-07-27 03:22:29 PM,0.365
"Jeffers, Ryan",680777,Twins,batter,"Jeffers, Ryan",2025,28,251,288,62,38,17,0,7,51,32,17.7,11.1,0.247,0.398,0.344,0.742,0.264,0.465,0.329,0.358,0.359,0.2,72.1,26.2,15.3,12.6,35.5,29.2,7.2,11,9.5,-2.2,55.4,28.6,89.5,16.0,34.5,8.5,44.0,100.8958813,94.661496181,20.3,39.5,Coors Field,"Coors Field, Denver",80.1,5.1,SSW,23,0.0,Sunny,Roof open,8:10 PM,Rockies,Twins,2025-07-27 03:22:29 PM,0.329
"Trout, Mike",545361,Angels,batter,"Trout, Mike",2025,33,244,299,58,36,4,1,17,80,48,26.8,16.1,0.238,0.471,0.365,0.836,0.279,0.561,0.355,0.404,0.403,0.282,74.1,40.7,18.7,13.9,31.8,23.7,7.5,11,7.6,-0.4,42.5,36.3,92.0,16.6,45.8,16.1,53.0,103.575018452,96.540505629,27.1,38.8,Citizens Bank Park,"Citizens Bank Park, Philadelphia",80.1,4.9,SW,87,0.0,Mist,Roof open,6:05 PM,Phillies,Angels,2025-07-27 03:22:28 PM,0.355
"Bader, Harrison",664056,Twins,batter,"Bader, Harrison",2025,31,236,266,60,39,10,0,11,65,22,24.4,8.3,0.254,0.436,0.331,0.767,0.23,0.401,0.336,0.311,0.31,0.171,73.0,30.0,15.4,11.6,29.0,21.9,7.1,11,11.2,-4.9,50.0,25.1,86.4,11.4,30.1,12.1,39.3,100.387654651,94.234725146,26.9,45.4,Coors Field,"Coors Field, Denver",80.1,5.1,SSW,23,0.0,Sunny,Roof open,8:10 PM,Rockies,Twins,2025-07-27 03:22:29 PM,0.336
"Narvaez, Carlos",665966,Red Sox,batter,"Narvaez, Carlos",2025,26,253,285,69,43,18,0,8,67,30,23.5,10.5,0.273,0.439,0.347,0.786,0.23,0.389,0.344,0.308,0.31,0.16,72.2,20.1,15.7,11.5,35.5,26.0,7.6,13,9.3,1.8,53.1,29.5,91.1,13.5,28.2,10.1,42.6,101.595774468,95.343959947,28.8,49.8,Wrigley Field,"Wrigley Field, Chicago",82.9,3.1,E,74,0.0,Partly cloudy,Roof open,7:15 PM,Cubs,Red Sox,2025-07-27 03:22:29 PM,0.344
"Pages, Pedro",686780,Cardinals,batter,"Pages, Pedro",2025,26,226,246,47,31,10,0,6,63,14,25.6,5.7,0.208,0.332,0.255,0.587,0.201,0.319,0.258,0.251,0.25,0.118,72.5,26.5,13.4,10.2,27.2,20.6,7.1,9,6.9,-2.2,40.2,30.5,88.7,14.4,29.2,6.5,37.5,99.573815185,93.901197901,25.3,49.6,Chase Field,"Chase Field, Phoenix",89.1,2.2,SW,16,0.0,Partly cloudy,Roof closed,7:15 PM,Diamondbacks,Cardinals,2025-07-27 03:22:29 PM,0.26574000000000003
"Burleson, Alec",676475,Cardinals,batter,"Burleson, Alec",2025,26,290,316,85,57,17,0,11,42,22,13.3,7.0,0.293,0.466,0.34,0.806,0.288,0.476,0.347,0.354,0.339,0.188,72.4,28.4,18.1,15.6,38.7,33.3,7.5,7,10.3,-0.8,58.8,30.8,91.1,17.4,33.5,9.2,43.4,101.356673333,95.121512724,16.1,50.5,Chase Field,"Chase Field, Phoenix",89.1,2.2,SW,16,0.0,Partly cloudy,Roof closed,7:15 PM,Diamondbacks,Cardinals,2025-07-27 03:22:29 PM,0.35741
"Altuve, Jose",514888,Astros,batter,"Altuve, Jose",2025,35,357,396,99,67,14,1,17,62,33,15.7,8.3,0.277,0.465,0.336,0.801,0.249,0.4,0.343,0.309,0.313,0.151,69.1,8.8,9.7,7.9,32.8,26.8,7.5,8,15.0,-5.1,55.9,28.5,84.9,16.3,28.3,6.0,31.0,97.043559048,92.537377201,20.0,49.3,T-Mobile Park,"T-Mobile Park, Seattle",59.4,2.7,S,72,0.0,Overcast,Roof open,9:40 PM,Mariners,Astros,2025-07-27 03:22:29 PM,0.343
"Adames, Willy",642715,Giants,batter,"Adames, Willy",2025,29,354,408,78,50,14,2,12,107,45,26.2,11.0,0.22,0.373,0.307,0.68,0.226,0.433,0.3,0.325,0.315,0.207,71.8,19.3,12.6,9.3,30.4,22.6,8.1,8,18.2,-3.8,51.0,34.8,89.4,20.8,31.2,12.6,44.7,100.171205714,94.385661753,28.4,46.1,Rogers Centre,"Rogers Centre, Toronto",82.4,5.8,WNW,66,0.0,Partly cloudy,Roof closed,3:07 PM,Blue Jays,Giants,2025-07-27 03:22:27 PM,0.3
"Adell, Jo",666176,Angels,batter,"Adell, Jo",2025,26,292,326,71,39,13,0,19,77,23,23.6,7.1,0.243,0.483,0.317,0.8,0.29,0.584,0.346,0.399,0.359,0.294,77.5,71.8,19.4,14.6,26.6,20.0,7.7,16,7.4,-5.4,49.6,32.7,91.3,14.1,36.1,16.7,50.0,104.063265463,96.435184326,29.1,52.3,Citizens Bank Park,"Citizens Bank Park, Philadelphia",80.1,4.9,SW,87,0.0,Mist,Roof open,6:05 PM,Phillies,Angels,2025-07-27 03:22:28 PM,0.346
"Bogaerts, Xander",593428,Padres,batter,"Bogaerts, Xander",2025,32,331,379,88,64,19,0,5,62,41,16.4,10.8,0.266,0.369,0.344,0.713,0.281,0.405,0.314,0.337,0.362,0.124,72.3,24.5,15.4,12.7,36.3,29.7,7.3,8,9.7,-6.7,51.0,30.9,89.6,10.6,37.8,5.1,38.9,100.220814559,94.256848893,19.7,40.4,Nationals Park,"Nationals Park, Washington",86.2,5.8,W,77,0.0,Partly cloudy,Roof open,6:45 PM,Nationals,Padres,2025-07-27 03:22:28 PM,0.32342
"Caratini, Victor",605170,Astros,batter,"Caratini, Victor",2025,31,215,237,55,36,9,0,10,41,11,17.3,4.6,0.256,0.437,0.304,0.741,0.255,0.433,0.319,0.326,0.31,0.178,71.8,20.5,16.8,13.8,37.9,31.1,7.0,4,10.8,-3.4,60.9,34.5,88.8,16.0,33.0,9.5,40.2,99.813581333,94.16392352,19.8,49.0,T-Mobile Park,"T-Mobile Park, Seattle",59.4,2.7,S,72,0.0,Overcast,Roof open,9:40 PM,Mariners,Astros,2025-07-27 03:22:29 PM,0.319
"Sogard, Nick",686765,Red Sox,batter,"Sogard, Nick",2025,27,59,65,15,10,5,0,0,12,3,18.5,4.6,0.254,0.339,0.323,0.662,0.262,0.408,0.298,0.327,0.33,0.146,68.4,1.1,7.6,6.6,41.8,36.3,7.1,3,16.1,-5.5,50.5,32.7,87.8,10.0,34.0,6.4,36.2,97.634461667,93.130746809,16.2,43.4,Wrigley Field,"Wrigley Field, Chicago",82.9,3.1,E,74,0.0,Partly cloudy,Roof open,7:15 PM,Cubs,Red Sox,2025-07-27 03:22:29 PM,0.298
"Donovan, Brendan",680977,Cardinals,batter,"Donovan, Brendan",2025,28,344,388,102,72,22,0,8,52,34,13.4,8.8,0.297,0.43,0.367,0.797,0.299,0.471,0.348,0.365,0.371,0.172,69.0,4.0,17.1,14.9,42.6,37.2,6.8,7,8.2,1.6,48.6,30.4,89.6,11.3,40.5,9.1,39.5,99.788526599,94.244025306,13.3,43.7,Chase Field,"Chase Field, Phoenix",89.1,2.2,SW,16,0.0,Partly cloudy,Roof closed,7:15 PM,Diamondbacks,Cardinals,2025-07-27 03:22:29 PM,0.35844
"Stallings, Jacob",607732,Orioles,batter,"Stallings, Jacob",2025,35,105,115,15,11,4,0,0,37,6,32.2,5.2,0.143,0.181,0.211,0.392,0.167,0.229,0.185,0.212,0.233,0.061,67.2,0.0,3.4,2.4,31.5,22.2,7.2,13,12.0,3.4,50.9,31.9,85.3,14.2,34.8,1.4,27.5,94.932331471,91.466720441,34.4,55.9,George M. Steinbrenner Field,"George M. Steinbrenner Field, St. Petersburg",93.0,6.5,NE,64,0.0,Sunny,Roof closed,7:05 PM,Rays,Orioles,2025-07-27 03:22:28 PM,0.19055
"Stallings, Jacob",607732,Orioles,pitcher,"Stallings, Jacob",2025,35,105,115,15,11,4,0,0,37,6,32.2,5.2,0.143,0.181,0.211,0.392,0.167,0.229,0.185,0.212,0.233,0.061,67.2,0.0,3.4,2.4,31.5,22.2,7.2,13,12.0,3.4,50.9,31.9,85.3,14.2,34.8,1.4,27.5,94.932331471,91.466720441,34.4,55.9,George M. Steinbrenner Field,"George M. Steinbrenner Field, St. Petersburg",93.0,6.5,NE,64,0.0,Sunny,Roof closed,7:05 PM,Rays,Orioles,2025-07-27 03:22:28 PM,0.19055
"Sheets, Gavin",657757,Padres,batter,"Sheets, Gavin",2025,29,317,349,84,54,15,1,14,68,27,19.5,7.7,0.265,0.451,0.324,0.775,0.288,0.501,0.335,0.364,0.347,0.213,74.6,50.3,19.4,15.5,34.2,27.4,7.7,15,8.7,-7.3,55.1,27.7,91.4,14.8,42.1,10.3,50.8,101.48778392,95.42754332,23.1,44.6,Nationals Park,"Nationals Park, Washington",86.2,5.8,W,77,0.0,Partly cloudy,Roof open,6:45 PM,Nationals,Padres,2025-07-27 03:22:28 PM,0.34505
"Torres, Gleyber",650402,Tigers,batter,"Torres, Gleyber",2025,28,299,359,84,59,16,0,9,46,51,12.8,14.2,0.281,0.425,0.387,0.812,0.297,0.509,0.36,0.394,0.402,0.213,70.2,11.9,15.7,12.8,37.9,30.9,7.2,11,9.5,3.3,56.6,33.7,90.2,15.5,38.4,9.7,39.1,100.007713566,94.341575136,18.9,40.8,Globe Life Field,"Globe Life Field, Arlington",82.9,11.2,SSW,69,0.0,Partly cloudy,Roof closed,7:05 PM,Rangers,Tigers,2025-07-27 03:22:28 PM,0.36
"Slater, Austin",596103,White Sox,batter,"Slater, Austin",2025,32,101,111,24,13,6,1,4,32,9,28.8,8.1,0.238,0.436,0.3,0.736,0.259,0.503,0.319,0.353,0.321,0.244,69.4,5.0,18.2,14.0,30.5,23.5,6.7,7,9.2,5.7,53.5,37.5,91.9,8.0,40.0,15.7,48.6,102.603651212,95.983614242,25.7,49.9,PNC Park,"PNC Park, Pittsburgh",77.4,5.1,SW,90,0.0,Patchy light rain with thunder,Roof open,6:40 PM,Pirates,White Sox,2025-07-27 03:22:28 PM,0.319
"Rojas, Josh",668942,White Sox,batter,"Rojas, Josh",2025,31,159,177,28,20,7,0,1,45,15,25.4,8.5,0.176,0.239,0.244,0.483,0.213,0.297,0.221,0.26,0.28,0.085,67.2,1.2,6.6,5.1,38.3,29.3,7.2,7,10.2,1.7,56.3,32.5,88.9,13.8,34.2,2.6,35.0,97.744459298,93.17724885,26.1,45.2,PNC Park,"PNC Park, Pittsburgh",77.4,5.1,SW,90,0.0,Patchy light rain with thunder,Roof open,6:40 PM,Pirates,White Sox,2025-07-27 03:22:28 PM,0.221
"Walker, Christian",572233,Astros,batter,"Walker, Christian",2025,34,345,377,79,54,12,1,12,103,23,27.3,6.1,0.229,0.374,0.286,0.66,0.239,0.421,0.29,0.312,0.297,0.183,74.0,40.1,15.9,11.8,28.4,21.0,7.4,31,8.4,-3.6,52.8,29.1,90.4,16.9,34.7,11.4,45.3,102.225884146,95.394282122,29.0,51.2,T-Mobile Park,"T-Mobile Park, Seattle",59.4,2.7,S,72,0.0,Overcast,Roof open,9:40 PM,Mariners,Astros,2025-07-27 03:22:29 PM,0.29
"Montgomery, Colson",695657,White Sox,batter,"Montgomery, Colson",2025,23,28,35,7,6,0,1,0,7,6,20.0,17.1,0.25,0.321,0.382,0.703,0.27,0.342,0.325,0.34,0.398,0.072,76.3,68.3,4.8,3.2,11.9,7.9,7.8,2,12.7,-7.8,41.3,33.8,76.8,19.1,47.6,0.0,19.0,90.360061818,91.106524286,35.3,47.6,PNC Park,"PNC Park, Pittsburgh",77.4,5.1,SW,90,0.0,Patchy light rain with thunder,Roof open,6:40 PM,Pirates,White Sox,2025-07-27 03:22:28 PM,0.325
"Perez, Wenceel",672761,Tigers,batter,"Perez, Wenceel",2025,25,130,142,34,18,7,2,7,30,9,21.1,6.3,0.262,0.508,0.317,0.825,0.263,0.475,0.352,0.34,0.318,0.212,71.1,11.5,16.4,11.9,38.8,28.2,7.0,2,9.2,-5.3,54.0,30.1,90.1,21.4,38.6,12.9,37.6,99.224943137,93.982492277,26.8,50.8,Globe Life Field,"Globe Life Field, Arlington",82.9,11.2,SSW,69,0.0,Partly cloudy,Roof closed,7:05 PM,Rangers,Tigers,2025-07-27 03:22:28 PM,0.352
"Turang, Brice",668930,Brewers,batter,"Turang, Brice",2025,25,347,392,95,75,14,0,6,83,39,21.2,9.9,0.274,0.366,0.345,0.711,0.268,0.398,0.316,0.328,0.343,0.13,70.0,13.8,12.3,9.9,35.3,28.4,6.8,16,6.0,9.0,43.0,30.2,90.5,7.6,36.1,5.9,45.0,99.679721374,94.295555802,21.0,46.5,Dodger Stadium,"Dodger Stadium, Los Angeles",64.9,3.4,S,76,0.0,Overcast,Roof open,9:10 PM,Dodgers,Brewers,2025-07-27 03:22:29 PM,0.316
"Larnach, Trevor",663616,Twins,batter,"Larnach, Trevor",2025,28,330,367,81,52,15,1,13,82,30,22.3,8.2,0.245,0.415,0.311,0.726,0.255,0.416,0.316,0.32,0.321,0.161,72.1,23.0,17.9,12.7,37.6,26.6,7.3,16,8.4,-10.6,40.3,34.9,90.8,11.3,34.3,8.0,43.8,101.390318016,95.132383068,31.2,45.4,Coors Field,"Coors Field, Denver",80.1,5.1,SSW,23,0.0,Sunny,Roof open,8:10 PM,Rockies,Twins,2025-07-27 03:22:29 PM,0.316
"Grisham, Trent",663757,Yankees,batter,"Grisham, Trent",2025,28,267,309,67,43,7,1,16,70,41,22.7,13.3,0.251,0.464,0.353,0.817,0.265,0.516,0.358,0.379,0.365,0.251,70.8,11.5,16.8,13.8,38.1,31.4,7.6,11,16.3,2.6,59.7,29.9,90.2,15.6,36.5,14.2,44.7,100.418337143,94.666152857,20.7,38.8,Truist Park,"Truist Park, Atlanta",86.4,8.9,NW,58,0.0,Sunny,Roof open,7:15 PM,Braves,Yankees,2025-07-27 03:22:29 PM,0.36874
"Chourio, Jackson",694192,Brewers,batter,"Chourio, Jackson",2025,21,401,424,106,62,25,3,16,87,18,20.5,4.2,0.264,0.461,0.297,0.758,0.258,0.422,0.325,0.309,0.293,0.164,73.9,41.4,17.4,13.3,33.4,25.6,7.6,17,7.0,0.9,57.2,25.9,87.9,11.8,34.7,7.6,38.5,100.247744777,94.317263962,25.9,54.0,Dodger Stadium,"Dodger Stadium, Los Angeles",64.9,3.4,S,76,0.0,Overcast,Roof open,9:10 PM,Dodgers,Brewers,2025-07-27 03:22:29 PM,0.325
"Benson, Will",666181,Reds,batter,"Benson, Will",2025,27,157,174,35,20,6,1,8,51,12,29.3,6.9,0.223,0.427,0.276,0.703,0.282,0.538,0.301,0.374,0.335,0.257,71.7,18.6,21.1,14.1,37.6,25.1,7.4,4,13.9,-3.9,52.6,32.6,93.6,14.0,40.0,15.5,58.2,103.589606364,97.012536182,35.6,50.9,Citi Field,"Citi Field, Queens",75.9,8.1,SSW,77,0.0,Mist,Roof open,4:10 PM,Mets,Reds,2025-07-27 03:22:28 PM,0.301
"Ramos, Heliot",671218,Giants,batter,"Ramos, Heliot",2025,25,366,413,96,64,17,1,14,98,32,23.7,7.7,0.262,0.429,0.337,0.766,0.248,0.442,0.334,0.333,0.326,0.194,73.7,42.5,15.5,12.0,29.7,23.1,6.8,18,6.1,2.5,47.6,31.8,91.4,10.8,32.0,10.7,45.2,102.159068593,95.435095874,24.2,48.6,Rogers Centre,"Rogers Centre, Toronto",82.4,5.8,WNW,66,0.0,Partly cloudy,Roof closed,3:07 PM,Blue Jays,Giants,2025-07-27 03:22:27 PM,0.334
"Ward, Taylor",621493,Angels,batter,"Ward, Taylor",2025,31,361,407,81,37,21,2,21,108,38,26.5,9.3,0.224,0.468,0.297,0.765,0.236,0.462,0.327,0.33,0.309,0.226,69.5,6.7,14.2,10.9,38.4,29.5,7.1,14,10.2,-3.6,57.4,32.0,90.5,19.2,34.0,13.1,41.3,100.627079846,94.745533552,24.0,38.8,Citizens Bank Park,"Citizens Bank Park, Philadelphia",80.1,4.9,SW,87,0.0,Mist,Roof open,6:05 PM,Phillies,Angels,2025-07-27 03:22:28 PM,0.327
"Flores, Wilmer",527038,Giants,batter,"Flores, Wilmer",2025,33,311,347,76,57,8,0,11,61,29,17.6,8.4,0.244,0.376,0.32,0.696,0.223,0.327,0.31,0.283,0.302,0.104,65.7,0.9,5.7,4.7,33.1,27.0,6.9,12,10.8,-5.8,50.9,32.0,84.8,18.0,34.7,4.0,24.3,95.351210397,91.693507968,19.1,45.6,Rogers Centre,"Rogers Centre, Toronto",82.4,5.8,WNW,66,0.0,Partly cloudy,Roof closed,3:07 PM,Blue Jays,Giants,2025-07-27 03:22:27 PM,0.31
"Lux, Gavin",666158,Reds,batter,"Lux, Gavin",2025,27,272,310,72,50,17,1,4,75,38,24.2,12.3,0.265,0.379,0.355,0.734,0.244,0.336,0.328,0.304,0.336,0.093,69.5,5.4,11.3,9.2,33.0,26.7,7.4,20,11.4,2.7,43.4,33.6,88.8,10.8,38.6,3.6,38.1,97.787546768,92.985700609,21.6,43.3,Citi Field,"Citi Field, Queens",75.9,8.1,SSW,77,0.0,Mist,Roof open,4:10 PM,Mets,Reds,2025-07-27 03:22:28 PM,0.328
"Yastrzemski, Mike",573262,Giants,batter,"Yastrzemski, Mike",2025,34,291,337,71,48,14,1,8,78,43,23.1,12.8,0.244,0.381,0.342,0.723,0.235,0.381,0.319,0.314,0.335,0.147,70.9,9.0,13.5,10.8,34.5,27.7,7.5,9,10.8,-2.2,67.5,29.9,90.8,17.9,34.0,7.9,42.8,99.878851942,94.417521845,21.4,42.1,Rogers Centre,"Rogers Centre, Toronto",82.4,5.8,WNW,66,0.0,Partly cloudy,Roof closed,3:07 PM,Blue Jays,Giants,2025-07-27 03:22:27 PM,0.319
"Contreras, William",661388,Brewers,batter,"Contreras, William",2025,27,331,390,81,59,16,0,6,71,56,18.2,14.4,0.245,0.347,0.351,0.698,0.244,0.368,0.313,0.322,0.355,0.124,72.6,30.5,17.6,13.8,35.6,27.9,7.1,18,10.5,5.0,67.6,29.2,89.8,5.1,31.6,4.6,43.0,102.137891985,95.383969427,24.7,45.7,Dodger Stadium,"Dodger Stadium, Los Angeles",64.9,3.4,S,76,0.0,Overcast,Roof open,9:10 PM,Dodgers,Brewers,2025-07-27 03:22:29 PM,0.313
"Wynns, Austin",642851,Athletics,batter,"Wynns, Austin",2025,34,89,96,26,14,6,0,6,26,5,27.1,5.2,0.292,0.562,0.326,0.888,0.252,0.483,0.376,0.327,0.289,0.231,70.8,15.1,16.5,12.7,31.5,24.1,7.5,4,13.6,-7.4,50.6,34.3,88.2,13.7,33.8,10.8,43.1,101.360370625,94.881073594,26.0,50.0,Progressive Field,"Progressive Field, Cleveland",79.0,8.7,WNW,88,0.0,Overcast,Roof open,7:10 PM,Guardians,Athletics,2025-07-27 03:22:29 PM,0.376
"Wynns, Austin",642851,Reds,batter,"Wynns, Austin",2025,34,89,96,26,14,6,0,6,26,5,27.1,5.2,0.292,0.562,0.326,0.888,0.252,0.483,0.376,0.327,0.289,0.231,70.8,15.1,16.5,12.7,31.5,24.1,7.5,4,13.6,-7.4,50.6,34.3,88.2,13.7,33.8,10.8,43.1,101.360370625,94.881073594,26.0,50.0,Citi Field,"Citi Field, Queens",75.9,8.1,SSW,77,0.0,Mist,Roof open,4:10 PM,Mets,Reds,2025-07-27 03:22:28 PM,0.376
"Laureano, Ramon",657656,Orioles,batter,"Laureano, Ramon",2025,30,211,237,60,33,16,0,11,61,20,25.7,8.4,0.284,0.517,0.35,0.867,0.273,0.494,0.37,0.357,0.342,0.221,72.3,21.3,15.8,11.6,29.8,21.9,7.1,7,16.8,0.3,50.1,36.1,88.2,13.7,38.6,10.5,45.7,101.325377895,94.872931391,27.1,45.1,George M. Steinbrenner Field,"George M. Steinbrenner Field, St. Petersburg",93.0,6.5,NE,64,0.0,Sunny,Roof closed,7:05 PM,Rays,Orioles,2025-07-27 03:22:28 PM,0.3811
"Volpe, Anthony",683011,Yankees,batter,"Volpe, Anthony",2025,24,341,384,73,38,22,3,10,91,34,23.7,8.9,0.214,0.384,0.287,0.671,0.233,0.402,0.293,0.31,0.306,0.17,72.3,25.7,16.5,12.4,34.3,25.7,7.2,9,10.0,6.4,63.4,31.1,89.1,11.2,30.9,9.4,42.2,100.389323516,94.588971725,25.8,44.5,Truist Park,"Truist Park, Atlanta",86.4,8.9,NW,58,0.0,Sunny,Roof open,7:15 PM,Braves,Yankees,2025-07-27 03:22:29 PM,0.30179
"Cowser, Colton",681297,Orioles,batter,"Cowser, Colton",2025,25,136,147,30,15,7,0,8,45,6,30.6,4.1,0.221,0.449,0.279,0.728,0.226,0.426,0.315,0.308,0.285,0.2,73.5,31.7,17.7,12.2,38.6,26.5,7.3,6,15.6,-2.7,48.7,38.5,91.9,13.0,30.8,11.0,50.0,101.403064222,95.233778764,33.2,44.6,George M. Steinbrenner Field,"George M. Steinbrenner Field, St. Petersburg",93.0,6.5,NE,64,0.0,Sunny,Roof closed,7:05 PM,Rays,Orioles,2025-07-27 03:22:28 PM,0.32445
"Durbin, Caleb",702332,Brewers,batter,"Durbin, Caleb",2025,25,234,272,61,45,12,0,4,25,19,9.2,7.0,0.261,0.363,0.348,0.711,0.249,0.348,0.32,0.309,0.338,0.099,68.2,1.9,7.0,6.3,37.6,33.6,6.9,15,8.5,-5.3,66.9,26.8,84.3,14.0,27.1,3.3,24.8,95.533701346,91.766850673,14.2,44.5,Dodger Stadium,"Dodger Stadium, Los Angeles",64.9,3.4,S,76,0.0,Overcast,Roof open,9:10 PM,Dodgers,Brewers,2025-07-27 03:22:29 PM,0.32
"Soler, Jorge",624585,Angels,batter,"Soler, Jorge",2025,33,266,300,56,34,12,0,10,91,26,30.3,8.7,0.211,0.368,0.288,0.656,0.206,0.376,0.29,0.292,0.286,0.17,73.9,40.7,15.5,11.2,28.5,20.6,7.7,8,8.5,-7.9,52.1,33.5,89.4,13.6,32.0,11.8,40.4,101.33219427,94.773547697,30.2,44.7,Citizens Bank Park,"Citizens Bank Park, Philadelphia",80.1,4.9,SW,87,0.0,Mist,Roof open,6:05 PM,Phillies,Angels,2025-07-27 03:22:28 PM,0.29
"Trammell, Taylor",666211,Astros,batter,"Trammell, Taylor",2025,27,32,36,5,2,2,0,1,13,4,36.1,11.1,0.156,0.313,0.25,0.563,0.199,0.347,0.253,0.283,0.288,0.147,75.0,48.1,24.1,13.5,37.9,21.2,7.8,3,11.2,-5.1,38.5,29.2,93.2,10.4,31.6,10.5,47.4,101.281985,95.540852105,45.9,45.5,T-Mobile Park,"T-Mobile Park, Seattle",59.4,2.7,S,72,0.0,Overcast,Roof open,9:40 PM,Mariners,Astros,2025-07-27 03:22:29 PM,0.253
"Rafaela, Ceddanne",678882,Red Sox,batter,"Rafaela, Ceddanne",2025,24,317,341,86,49,21,2,14,66,16,19.4,4.7,0.271,0.483,0.314,0.797,0.269,0.497,0.342,0.346,0.312,0.228,70.9,11.8,17.3,13.0,36.3,27.3,7.5,13,11.9,-0.4,56.5,33.4,90.9,11.7,34.1,12.9,47.5,101.287541032,95.20948127,26.2,60.2,Wrigley Field,"Wrigley Field, Chicago",82.9,3.1,E,74,0.0,Partly cloudy,Roof open,7:15 PM,Cubs,Red Sox,2025-07-27 03:22:29 PM,0.342
"Holliday, Jackson",702616,Orioles,batter,"Holliday, Jackson",2025,21,348,373,90,62,14,2,12,92,20,24.7,5.4,0.259,0.414,0.308,0.722,0.263,0.456,0.316,0.331,0.313,0.193,70.7,9.5,18.1,13.5,35.1,26.2,6.9,15,8.3,7.5,53.6,32.1,90.1,8.3,35.2,10.5,45.1,100.906027402,94.741328504,27.7,50.9,George M. Steinbrenner Field,"George M. Steinbrenner Field, St. Petersburg",93.0,6.5,NE,64,0.0,Sunny,Roof closed,7:05 PM,Rays,Orioles,2025-07-27 03:22:28 PM,0.32548
"Waters, Drew",671221,Royals,batter,"Waters, Drew",2025,26,206,219,50,40,6,3,1,60,11,27.4,5.0,0.243,0.316,0.288,0.604,0.236,0.323,0.269,0.268,0.281,0.088,71.6,17.8,10.0,7.1,27.5,19.5,6.6,15,8.7,4.8,48.2,41.8,86.0,9.1,35.6,4.1,28.8,97.434472083,92.746290972,30.3,56.5,loanDepot park,"loanDepot park, Miami",88.0,10.1,ENE,59,0.0,Partly cloudy,Roof closed,4:10 PM,Marlins,Royals,2025-07-27 03:22:28 PM,0.27707000000000004
"Perez, Salvador",521692,Royals,batter,"Perez, Salvador",2025,35,357,382,87,50,24,0,13,77,17,20.2,4.5,0.244,0.42,0.287,0.707,0.284,0.529,0.304,0.361,0.325,0.245,73.1,31.0,17.7,13.3,31.5,23.6,7.9,15,12.7,-5.6,57.5,34.1,90.6,19.2,36.3,14.2,45.2,102.375010142,95.42369306,27.2,58.2,loanDepot park,"loanDepot park, Miami",88.0,10.1,ENE,59,0.0,Partly cloudy,Roof closed,4:10 PM,Marlins,Royals,2025-07-27 03:22:28 PM,0.31312
"Keith, Colt",690993,Tigers,batter,"Keith, Colt",2025,23,258,295,68,42,16,2,8,60,33,20.3,11.2,0.264,0.434,0.346,0.78,0.28,0.486,0.341,0.37,0.363,0.207,70.7,9.5,16.5,13.2,35.5,28.3,6.8,11,10.6,-0.1,48.4,33.3,90.0,12.0,40.8,10.4,45.8,101.039672475,94.96945592,22.4,44.0,Globe Life Field,"Globe Life Field, Arlington",82.9,11.2,SSW,69,0.0,Partly cloudy,Roof closed,7:05 PM,Rangers,Tigers,2025-07-27 03:22:28 PM,0.341
"Greene, Riley",682985,Tigers,batter,"Greene, Riley",2025,24,366,397,104,58,21,1,24,125,27,31.5,6.8,0.284,0.544,0.335,0.879,0.259,0.531,0.374,0.357,0.313,0.272,75.3,54.2,15.4,10.5,26.3,17.9,7.2,3,13.5,2.5,41.7,44.9,90.3,14.7,39.9,18.1,46.9,102.931023197,95.762363292,32.0,51.3,Globe Life Field,"Globe Life Field, Arlington",82.9,11.2,SSW,69,0.0,Partly cloudy,Roof closed,7:05 PM,Rangers,Tigers,2025-07-27 03:22:28 PM,0.374
"Meadows, Parker",678009,Tigers,batter,"Meadows, Parker",2025,25,109,119,21,16,2,1,2,36,10,30.3,8.4,0.193,0.284,0.261,0.545,0.238,0.366,0.246,0.295,0.302,0.128,70.3,7.0,8.6,5.9,30.5,20.9,7.3,3,7.7,-4.1,42.8,29.7,87.3,12.6,37.0,5.5,30.1,97.695315,92.915934366,30.5,45.7,Globe Life Field,"Globe Life Field, Arlington",82.9,11.2,SSW,69,0.0,Partly cloudy,Roof closed,7:05 PM,Rangers,Tigers,2025-07-27 03:22:28 PM,0.246
"Fitzgerald, Tyler",666149,Giants,batter,"Fitzgerald, Tyler",2025,27,198,222,45,31,10,1,3,62,15,27.9,6.8,0.227,0.333,0.287,0.62,0.211,0.301,0.276,0.256,0.272,0.09,69.0,3.4,7.4,5.2,28.3,19.9,7.4,10,13.2,-4.4,47.9,35.1,84.5,16.0,32.2,4.2,29.4,96.539556324,92.306020519,30.1,52.8,Rogers Centre,"Rogers Centre, Toronto",82.4,5.8,WNW,66,0.0,Partly cloudy,Roof closed,3:07 PM,Blue Jays,Giants,2025-07-27 03:22:27 PM,0.276
"France, Ty",664034,Twins,batter,"France, Ty",2025,30,322,353,80,58,16,0,6,57,15,16.1,4.2,0.248,0.354,0.312,0.666,0.265,0.447,0.298,0.338,0.328,0.183,70.7,12.3,15.1,12.2,34.6,27.8,7.4,10,10.2,6.0,47.8,34.8,89.1,10.3,36.1,8.6,40.6,100.255591429,94.415413509,21.4,51.5,Coors Field,"Coors Field, Denver",80.1,5.1,SSW,23,0.0,Sunny,Roof open,8:10 PM,Rockies,Twins,2025-07-27 03:22:29 PM,0.298
"Stevens, Chad",677060,Angels,batter,"Stevens, Chad",2025,26,13,14,2,2,0,0,0,7,0,50.0,0.0,0.154,0.154,0.154,0.308,0.186,0.203,0.136,0.169,0.186,0.017,69.7,8.0,0.0,0.0,16.7,12.0,7.1,0,3.6,1.3,16.0,41.5,82.2,5.0,28.6,0.0,14.3,91.684333333,89.925846667,26.7,54.5,Citizens Bank Park,"Citizens Bank Park, Philadelphia",80.1,4.9,SW,87,0.0,Mist,Roof open,6:05 PM,Phillies,Angels,2025-07-27 03:22:28 PM,0.136
"Garcia, Maikel",672580,Royals,batter,"Garcia, Maikel",2025,25,350,386,104,68,25,3,8,52,31,13.5,8.0,0.297,0.454,0.354,0.808,0.287,0.44,0.352,0.341,0.345,0.154,71.9,17.9,21.3,18.5,41.5,36.0,7.3,9,4.7,1.5,45.2,26.8,91.2,9.4,34.1,6.0,44.4,101.431869128,95.004599293,15.6,40.9,loanDepot park,"loanDepot park, Miami",88.0,10.1,ENE,59,0.0,Partly cloudy,Roof closed,4:10 PM,Marlins,Royals,2025-07-27 03:22:28 PM,0.36256
"Frelick, Sal",686217,Brewers,batter,"Frelick, Sal",2025,25,344,385,101,80,11,3,7,49,26,12.7,6.8,0.294,0.404,0.354,0.758,0.272,0.353,0.335,0.309,0.336,0.081,68.4,6.4,7.1,6.4,32.6,29.1,7.1,6,8.3,-2.1,53.7,28.0,85.4,11.0,30.7,3.0,28.0,96.156419932,92.094304676,11.8,43.7,Dodger Stadium,"Dodger Stadium, Los Angeles",64.9,3.4,S,76,0.0,Overcast,Roof open,9:10 PM,Dodgers,Brewers,2025-07-27 03:22:29 PM,0.335
"Dominguez, Jasson",691176,Yankees,batter,"Dominguez, Jasson",2025,22,271,309,72,48,15,1,8,88,33,28.5,10.7,0.266,0.417,0.343,0.76,0.243,0.391,0.333,0.322,0.329,0.148,73.7,33.8,16.9,12.5,27.3,20.1,7.8,6,6.2,-2.7,47.7,31.3,90.6,13.9,32.1,8.0,51.3,102.217401489,95.662708128,27.4,50.0,Truist Park,"Truist Park, Atlanta",86.4,8.9,NW,58,0.0,Sunny,Roof open,7:15 PM,Braves,Yankees,2025-07-27 03:22:29 PM,0.34299
"Schanuel, Nolan",694384,Angels,batter,"Schanuel, Nolan",2025,23,342,396,94,68,17,1,8,47,43,11.9,10.9,0.275,0.401,0.364,0.765,0.274,0.412,0.337,0.34,0.364,0.139,68.0,7.4,10.4,9.0,38.4,33.3,6.7,9,8.5,-1.3,46.8,38.1,87.3,13.7,39.0,5.3,28.3,96.622970135,92.350909424,13.9,44.0,Citizens Bank Park,"Citizens Bank Park, Philadelphia",80.1,4.9,SW,87,0.0,Mist,Roof open,6:05 PM,Phillies,Angels,2025-07-27 03:22:28 PM,0.337
"Contreras, Willson",575929,Cardinals,batter,"Contreras, Willson",2025,33,336,384,85,51,22,0,12,94,31,24.5,8.1,0.253,0.426,0.339,0.765,0.271,0.508,0.336,0.371,0.356,0.237,76.3,64.1,17.4,12.9,28.3,21.0,7.9,7,9.2,-1.6,49.0,32.8,90.0,11.0,40.0,13.9,46.9,103.044508678,95.901720165,27.2,48.7,Chase Field,"Chase Field, Phoenix",89.1,2.2,SW,16,0.0,Partly cloudy,Roof closed,7:15 PM,Diamondbacks,Cardinals,2025-07-27 03:22:29 PM,0.34608000000000005
"Benintendi, Andrew",643217,White Sox,batter,"Benintendi, Andrew",2025,30,240,270,56,33,10,2,11,42,22,15.6,8.1,0.233,0.429,0.297,0.726,0.241,0.468,0.31,0.337,0.312,0.227,69.0,4.8,12.8,9.9,42.1,32.6,7.1,8,16.5,-5.8,55.4,32.3,88.5,22.0,36.5,12.8,35.5,98.120711485,93.191572438,24.1,49.8,PNC Park,"PNC Park, Pittsburgh",77.4,5.1,SW,90,0.0,Patchy light rain with thunder,Roof open,6:40 PM,Pirates,White Sox,2025-07-27 03:22:28 PM,0.31
"Mayo, Coby",691723,Orioles,batter,"Mayo, Coby",2025,23,79,85,16,10,5,0,1,22,6,25.9,7.1,0.203,0.304,0.259,0.563,0.225,0.372,0.251,0.287,0.281,0.147,74.7,43.8,15.2,10.2,27.2,18.2,7.3,1,10.1,-15.5,35.0,37.4,88.3,20.7,29.8,8.8,42.9,101.542766429,94.84926,32.9,48.2,George M. Steinbrenner Field,"George M. Steinbrenner Field, St. Petersburg",93.0,6.5,NE,64,0.0,Sunny,Roof closed,7:05 PM,Rays,Orioles,2025-07-27 03:22:28 PM,0.25853
"Peraza, Oswald",672724,Yankees,batter,"Peraza, Oswald",2025,25,148,160,22,14,5,0,3,45,11,28.1,6.9,0.149,0.243,0.212,0.455,0.216,0.352,0.207,0.277,0.276,0.135,73.7,36.2,15.7,10.6,31.4,21.3,7.7,7,7.3,-4.5,51.1,25.1,87.9,9.5,30.1,6.8,37.9,100.3888652,94.3682615,33.3,54.5,Truist Park,"Truist Park, Atlanta",86.4,8.9,NW,58,0.0,Sunny,Roof open,7:15 PM,Braves,Yankees,2025-07-27 03:22:29 PM,0.21320999999999998
"Bauers, Jake",641343,Brewers,batter,"Bauers, Jake",2025,29,124,148,25,15,5,0,5,45,23,30.4,15.5,0.202,0.363,0.324,0.687,0.229,0.458,0.307,0.351,0.349,0.229,76.4,70.3,17.3,13.1,27.2,20.5,7.8,7,12.7,-3.2,53.7,34.1,91.4,17.3,37.5,13.8,46.3,102.24900775,95.675126582,28.1,42.9,Dodger Stadium,"Dodger Stadium, Los Angeles",64.9,3.4,S,76,0.0,Overcast,Roof open,9:10 PM,Dodgers,Brewers,2025-07-27 03:22:29 PM,0.307
"Bauers, Jake",641343,Brewers,pitcher,"Bauers, Jake",2025,29,124,148,25,15,5,0,5,45,23,30.4,15.5,0.202,0.363,0.324,0.687,0.229,0.458,0.307,0.351,0.349,0.229,76.4,70.3,17.3,13.1,27.2,20.5,7.8,7,12.7,-3.2,53.7,34.1,91.4,17.3,37.5,13.8,46.3,102.24900775,95.675126582,28.1,42.9,Dodger Stadium,"Dodger Stadium, Los Angeles",64.9,3.4,S,76,0.0,Overcast,Roof open,9:10 PM,Dodgers,Brewers,2025-07-27 03:22:29 PM,0.307
"Teel, Kyle",691019,White Sox,batter,"Teel, Kyle",2025,23,69,87,16,12,4,0,0,24,14,27.6,16.1,0.232,0.29,0.372,0.662,0.253,0.456,0.312,0.375,0.392,0.203,69.3,11.0,12.5,9.0,29.8,21.4,6.7,5,9.6,6.1,44.1,39.0,89.6,16.2,46.8,10.6,40.4,99.245464348,93.671988478,30.9,44.8,PNC Park,"PNC Park, Pittsburgh",77.4,5.1,SW,90,0.0,Patchy light rain with thunder,Roof open,6:40 PM,Pirates,White Sox,2025-07-27 03:22:28 PM,0.312
"Collins, Isaac",686555,Brewers,batter,"Collins, Isaac",2025,27,193,228,50,36,8,1,5,54,29,23.7,12.7,0.259,0.389,0.363,0.752,0.238,0.343,0.337,0.314,0.347,0.106,72.8,24.3,11.9,9.1,25.4,19.4,6.7,10,3.7,-1.2,36.0,29.3,87.1,10.8,35.2,5.6,35.9,99.262510725,93.636501449,25.1,44.2,Dodger Stadium,"Dodger Stadium, Los Angeles",64.9,3.4,S,76,0.0,Overcast,Roof open,9:10 PM,Dodgers,Brewers,2025-07-27 03:22:29 PM,0.337
"Anthony, Roman",701350,Red Sox,batter,"Anthony, Roman",2025,21,106,124,28,17,9,0,2,27,15,21.8,12.1,0.264,0.406,0.371,0.777,0.267,0.463,0.347,0.366,0.374,0.196,73.8,41.0,22.4,17.4,39.2,30.4,7.2,8,8.3,3.6,49.1,29.7,93.8,3.2,30.4,11.4,55.7,103.321505897,96.960566154,25.7,37.9,Wrigley Field,"Wrigley Field, Chicago",82.9,3.1,E,74,0.0,Partly cloudy,Roof open,7:15 PM,Cubs,Red Sox,2025-07-27 03:22:29 PM,0.347
"Henderson, Gunnar",683002,Orioles,batter,"Henderson, Gunnar",2025,24,336,371,94,60,20,3,11,89,33,24.0,8.9,0.28,0.455,0.348,0.803,0.284,0.43,0.347,0.339,0.352,0.146,75.4,54.4,22.5,17.3,33.9,26.1,7.3,12,8.9,1.2,49.8,29.7,93.0,10.9,29.6,8.5,52.7,103.842572787,96.74213332,25.7,47.5,George M. Steinbrenner Field,"George M. Steinbrenner Field, St. Petersburg",93.0,6.5,NE,64,0.0,Sunny,Roof closed,7:05 PM,Rays,Orioles,2025-07-27 03:22:28 PM,0.35741
"Koss, Christian",683766,Giants,batter,"Koss, Christian",2025,27,98,108,26,21,3,0,2,25,5,23.1,4.6,0.265,0.357,0.305,0.662,0.285,0.436,0.292,0.329,0.324,0.151,70.0,8.2,14.7,9.9,37.1,25.1,7.1,2,9.5,4.8,57.3,28.8,88.4,9.5,31.2,5.2,37.7,100.322026944,94.342919028,31.0,54.1,Rogers Centre,"Rogers Centre, Toronto",82.4,5.8,WNW,66,0.0,Partly cloudy,Roof closed,3:07 PM,Blue Jays,Giants,2025-07-27 03:22:27 PM,0.292
"Mullins, Cedric",656775,Orioles,batter,"Mullins, Cedric",2025,30,275,312,60,33,14,0,13,73,32,23.4,10.3,0.218,0.411,0.302,0.713,0.22,0.364,0.312,0.299,0.307,0.144,71.1,11.1,12.3,9.7,30.2,23.8,7.6,14,12.1,-6.5,64.7,29.5,89.0,23.2,33.7,6.3,36.8,99.185080918,93.819437041,22.7,48.9,George M. Steinbrenner Field,"George M. Steinbrenner Field, St. Petersburg",93.0,6.5,NE,64,0.0,Sunny,Roof closed,7:05 PM,Rays,Orioles,2025-07-27 03:22:28 PM,0.32136000000000003
"Rengifo, Luis",650859,Angels,batter,"Rengifo, Luis",2025,28,313,334,74,57,12,1,4,60,17,18.0,5.1,0.236,0.319,0.276,0.595,0.277,0.391,0.264,0.309,0.315,0.114,70.1,9.3,11.7,9.1,35.0,27.1,7.1,9,7.7,3.9,50.2,33.4,87.7,5.4,34.4,4.3,34.8,98.265070238,93.220383333,22.6,54.3,Citizens Bank Park,"Citizens Bank Park, Philadelphia",80.1,4.9,SW,87,0.0,Mist,Roof open,6:05 PM,Phillies,Angels,2025-07-27 03:22:28 PM,0.264
"Eaton, Nate",681987,Red Sox,batter,"Eaton, Nate",2025,28,24,27,6,4,2,0,0,10,1,37.0,3.7,0.25,0.333,0.296,0.629,0.202,0.23,0.277,0.223,0.256,0.028,74.1,43.9,9.4,7.3,21.9,17.1,7.3,0,5.9,-5.5,43.9,31.7,87.2,15.9,26.7,0.0,40.0,97.3426175,92.982729333,21.7,42.2,Wrigley Field,"Wrigley Field, Chicago",82.9,3.1,E,74,0.0,Partly cloudy,Roof open,7:15 PM,Cubs,Red Sox,2025-07-27 03:22:29 PM,0.277
"Eaton, Nate",681987,Red Sox,pitcher,"Eaton, Nate",2025,28,24,27,6,4,2,0,0,10,1,37.0,3.7,0.25,0.333,0.296,0.629,0.202,0.23,0.277,0.223,0.256,0.028,74.1,43.9,9.4,7.3,21.9,17.1,7.3,0,5.9,-5.5,43.9,31.7,87.2,15.9,26.7,0.0,40.0,97.3426175,92.982729333,21.7,42.2,Wrigley Field,"Wrigley Field, Chicago",82.9,3.1,E,74,0.0,Partly cloudy,Roof open,7:15 PM,Cubs,Red Sox,2025-07-27 03:22:29 PM,0.277
"Story, Trevor",596115,Red Sox,batter,"Story, Trevor",2025,32,362,384,93,65,13,0,15,107,18,27.9,4.7,0.257,0.417,0.298,0.715,0.251,0.433,0.312,0.313,0.292,0.182,70.7,12.1,16.0,11.2,30.7,21.4,7.3,14,10.8,-4.7,47.4,29.8,91.0,14.5,30.9,10.5,47.3,102.602742205,95.700880827,29.6,54.7,Wrigley Field,"Wrigley Field, Chicago",82.9,3.1,E,74,0.0,Partly cloudy,Roof open,7:15 PM,Cubs,Red Sox,2025-07-27 03:22:29 PM,0.312
"Caglianone, Jac",695506,Royals,batter,"Caglianone, Jac",2025,22,129,138,18,10,4,0,4,30,6,21.7,4.3,0.14,0.264,0.196,0.46,0.259,0.462,0.206,0.33,0.307,0.203,77.1,70.7,21.3,15.9,26.4,19.7,7.6,4,7.9,-3.9,43.1,28.5,89.1,6.1,28.3,11.1,42.4,103.009588,95.736893232,27.8,54.0,loanDepot park,"loanDepot park, Miami",88.0,10.1,ENE,59,0.0,Partly cloudy,Roof closed,4:10 PM,Marlins,Royals,2025-07-27 03:22:28 PM,0.21218
"Rice, Ben",700250,Yankees,batter,"Rice, Ben",2025,26,264,302,62,31,15,2,14,62,27,20.5,8.9,0.235,0.466,0.326,0.792,0.294,0.565,0.344,0.407,0.381,0.271,74.0,40.1,22.7,18.0,36.6,28.9,7.4,12,10.9,-5.4,58.6,33.5,93.2,14.2,36.9,15.8,54.7,104.546747745,97.336002217,23.2,45.7,Truist Park,"Truist Park, Atlanta",86.4,8.9,NW,58,0.0,Sunny,Roof open,7:15 PM,Braves,Yankees,2025-07-27 03:22:29 PM,0.35431999999999997
"Tauchman, Mike",643565,White Sox,batter,"Tauchman, Mike",2025,34,159,184,45,30,10,1,4,42,23,22.8,12.5,0.283,0.434,0.375,0.809,0.267,0.399,0.357,0.337,0.362,0.132,69.0,5.9,13.2,10.2,33.6,25.9,7.2,9,9.2,1.4,50.2,34.4,89.5,16.3,36.4,6.8,44.1,100.455511356,94.516240513,25.2,44.6,PNC Park,"PNC Park, Pittsburgh",77.4,5.1,SW,90,0.0,Patchy light rain with thunder,Roof open,6:40 PM,Pirates,White Sox,2025-07-27 03:22:28 PM,0.357
"Machado, Manny",592518,Padres,batter,"Machado, Manny",2025,32,367,408,107,68,22,0,17,69,36,16.9,8.8,0.292,0.49,0.35,0.84,0.303,0.539,0.361,0.387,0.365,0.236,74.7,45.2,21.6,16.9,35.5,27.7,7.8,10,7.1,-0.1,53.7,26.9,92.6,14.6,35.6,13.5,50.8,103.499839868,96.349207492,23.1,48.9,Nationals Park,"Nationals Park, Washington",86.2,5.8,W,77,0.0,Partly cloudy,Roof open,6:45 PM,Nationals,Padres,2025-07-27 03:22:28 PM,0.37183
"Correa, Carlos",621043,Twins,batter,"Correa, Carlos",2025,30,303,322,80,56,17,0,7,63,18,19.6,5.6,0.264,0.389,0.304,0.693,0.276,0.428,0.304,0.323,0.317,0.153,73.9,39.8,19.3,15.2,33.7,26.4,7.3,6,8.5,-2.6,45.7,31.7,90.6,7.7,30.7,6.2,45.6,102.247763333,95.577887615,23.5,47.8,Coors Field,"Coors Field, Denver",80.1,5.1,SSW,23,0.0,Sunny,Roof open,8:10 PM,Rockies,Twins,2025-07-27 03:22:29 PM,0.304
"Cronenworth, Jake",630105,Padres,batter,"Cronenworth, Jake",2025,31,223,270,53,33,11,1,8,55,37,20.4,13.7,0.238,0.404,0.354,0.758,0.228,0.367,0.337,0.32,0.346,0.139,71.1,14.5,14.2,11.6,31.1,25.4,7.0,4,7.6,-2.1,37.1,31.0,88.8,16.1,28.9,7.5,38.7,99.762887093,94.095312573,18.5,42.8,Nationals Park,"Nationals Park, Washington",86.2,5.8,W,77,0.0,Partly cloudy,Roof open,6:45 PM,Nationals,Padres,2025-07-27 03:22:28 PM,0.34711000000000003
"Steer, Spencer",668715,Reds,batter,"Steer, Spencer",2025,27,323,351,81,54,15,1,11,84,24,23.9,6.8,0.251,0.406,0.308,0.714,0.234,0.35,0.312,0.285,0.294,0.116,70.9,6.3,10.0,7.6,29.8,22.6,7.4,12,13.1,-4.3,57.5,28.8,86.8,17.6,35.4,5.4,30.4,97.310840084,92.687835504,25.8,48.3,Citi Field,"Citi Field, Queens",75.9,8.1,SSW,77,0.0,Mist,Roof open,4:10 PM,Mets,Reds,2025-07-27 03:22:28 PM,0.312
"Devers, Rafael",646240,Giants,batter,"Devers, Rafael",2025,28,361,443,92,52,23,0,17,110,73,24.8,16.5,0.255,0.46,0.384,0.844,0.258,0.49,0.364,0.38,0.391,0.232,71.6,19.8,17.5,11.9,31.3,21.2,7.6,20,9.2,5.6,59.4,29.2,93.4,12.6,34.5,15.3,55.3,103.789471732,96.838738583,33.2,48.5,Rogers Centre,"Rogers Centre, Toronto",82.4,5.8,WNW,66,0.0,Partly cloudy,Roof closed,3:07 PM,Blue Jays,Giants,2025-07-27 03:22:27 PM,0.364
"Devers, Rafael",646240,Red Sox,batter,"Devers, Rafael",2025,28,361,443,92,52,23,0,17,110,73,24.8,16.5,0.255,0.46,0.384,0.844,0.258,0.49,0.364,0.38,0.391,0.232,71.6,19.8,17.5,11.9,31.3,21.2,7.6,20,9.2,5.6,59.4,29.2,93.4,12.6,34.5,15.3,55.3,103.789471732,96.838738583,33.2,48.5,Wrigley Field,"Wrigley Field, Chicago",82.9,3.1,E,74,0.0,Partly cloudy,Roof open,7:15 PM,Cubs,Red Sox,2025-07-27 03:22:29 PM,0.364
"Hays, Austin",669720,Reds,batter,"Hays, Austin",2025,29,178,192,51,30,9,4,8,51,10,26.6,5.2,0.287,0.517,0.323,0.84,0.255,0.465,0.354,0.329,0.299,0.21,72.1,20.3,14.3,10.0,31.6,22.1,7.1,17,14.9,-5.2,65.0,30.6,89.5,16.3,36.2,13.1,40.0,99.835073077,94.120118923,32.6,53.9,Citi Field,"Citi Field, Queens",75.9,8.1,SSW,77,0.0,Mist,Roof open,4:10 PM,Mets,Reds,2025-07-27 03:22:28 PM,0.354
"Clarke, Denzel",672016,Athletics,batter,"Clarke, Denzel",2025,25,138,149,29,20,5,1,3,60,6,40.3,4.0,0.21,0.326,0.259,0.585,0.2,0.327,0.259,0.253,0.249,0.128,74.3,43.3,13.2,8.9,26.3,17.8,7.7,7,4.3,2.1,44.5,31.0,89.3,4.3,31.3,7.5,40.0,101.033068974,94.757488312,33.8,46.3,Progressive Field,"Progressive Field, Cleveland",79.0,8.7,WNW,88,0.0,Overcast,Roof open,7:10 PM,Guardians,Athletics,2025-07-27 03:22:29 PM,0.259
"Castro, Willi",650489,Twins,batter,"Castro, Willi",2025,28,253,290,67,43,14,1,9,71,29,24.5,10.0,0.265,0.435,0.356,0.791,0.256,0.396,0.348,0.33,0.348,0.141,71.4,19.4,14.7,10.9,27.7,20.5,7.2,7,7.8,-4.0,41.9,37.3,87.8,12.8,37.7,7.1,43.2,100.535872418,94.312616868,26.9,51.9,Coors Field,"Coors Field, Denver",80.1,5.1,SSW,23,0.0,Sunny,Roof open,8:10 PM,Rockies,Twins,2025-07-27 03:22:29 PM,0.348
"Castro, Willi",650489,Twins,pitcher,"Castro, Willi",2025,28,253,290,67,43,14,1,9,71,29,24.5,10.0,0.265,0.435,0.356,0.791,0.256,0.396,0.348,0.33,0.348,0.141,71.4,19.4,14.7,10.9,27.7,20.5,7.2,7,7.8,-4.0,41.9,37.3,87.8,12.8,37.7,7.1,43.2,100.535872418,94.312616868,26.9,51.9,Coors Field,"Coors Field, Denver",80.1,5.1,SSW,23,0.0,Sunny,Roof open,8:10 PM,Rockies,Twins,2025-07-27 03:22:29 PM,0.348
"Rave, John",670231,Royals,batter,"Rave, John",2025,27,68,80,12,8,4,0,0,21,9,26.3,11.3,0.176,0.235,0.269,0.504,0.208,0.285,0.235,0.28,0.305,0.077,74.4,43.3,13.7,10.4,27.5,20.9,7.3,3,10.7,-1.8,78.4,24.6,88.2,8.3,22.0,4.0,38.0,99.730266667,93.883522917,24.2,43.0,loanDepot park,"loanDepot park, Miami",88.0,10.1,ENE,59,0.0,Partly cloudy,Roof closed,4:10 PM,Marlins,Royals,2025-07-27 03:22:28 PM,0.24205
"Lee, Brooks",686797,Twins,batter,"Lee, Brooks",2025,24,280,297,72,54,10,0,8,58,12,19.5,4.0,0.257,0.379,0.29,0.669,0.239,0.374,0.292,0.283,0.275,0.135,69.7,9.7,10.2,8.1,36.1,28.7,7.2,28,10.2,-5.0,57.5,30.5,88.8,14.1,30.7,6.2,39.1,98.483810982,93.559626339,23.8,50.6,Coors Field,"Coors Field, Denver",80.1,5.1,SSW,23,0.0,Sunny,Roof open,8:10 PM,Rockies,Twins,2025-07-27 03:22:29 PM,0.292
"Iglesias, Jose",578428,Padres,batter,"Iglesias, Jose",2025,35,182,203,42,36,6,0,0,36,12,17.7,5.9,0.231,0.264,0.294,0.558,0.24,0.292,0.255,0.27,0.302,0.053,68.4,9.3,5.1,4.3,30.1,25.4,6.6,7,2.1,4.9,30.7,33.7,83.8,1.3,25.3,0.7,23.3,94.677332603,91.37559726,17.3,45.9,Nationals Park,"Nationals Park, Washington",86.2,5.8,W,77,0.0,Partly cloudy,Roof open,6:45 PM,Nationals,Padres,2025-07-27 03:22:28 PM,0.26265
"Buxton, Byron",621439,Twins,batter,"Buxton, Byron",2025,31,298,333,86,47,14,4,21,87,27,26.1,8.1,0.289,0.574,0.351,0.925,0.261,0.534,0.39,0.365,0.33,0.273,75.0,48.8,20.6,15.1,32.0,23.5,7.9,7,13.1,-5.4,59.8,33.6,92.1,17.9,33.0,15.8,55.3,103.294779159,96.52406785,29.3,50.2,Coors Field,"Coors Field, Denver",80.1,5.1,SSW,23,0.0,Sunny,Roof open,8:10 PM,Rockies,Twins,2025-07-27 03:22:29 PM,0.39
"Vargas, Miguel",678246,White Sox,batter,"Vargas, Miguel",2025,25,339,380,74,40,22,2,10,66,34,17.4,8.9,0.218,0.383,0.297,0.68,0.235,0.4,0.3,0.313,0.313,0.164,70.8,12.1,12.6,10.4,34.6,28.6,7.6,13,12.3,-3.7,68.8,35.6,90.0,24.1,34.2,8.7,42.2,99.668354638,94.207768945,19.9,47.3,PNC Park,"PNC Park, Pittsburgh",77.4,5.1,SW,90,0.0,Patchy light rain with thunder,Roof open,6:40 PM,Pirates,White Sox,2025-07-27 03:22:28 PM,0.3
"Duran, Jarren",680776,Red Sox,batter,"Duran, Jarren",2025,28,399,438,103,60,25,10,8,103,30,23.5,6.8,0.258,0.431,0.318,0.749,0.261,0.421,0.325,0.328,0.323,0.161,74.5,45.0,19.2,14.2,32.3,23.9,7.4,11,5.5,2.3,46.0,26.8,92.1,12.5,33.4,9.7,46.5,103.068954362,96.090696801,28.4,48.3,Wrigley Field,"Wrigley Field, Chicago",82.9,3.1,E,74,0.0,Partly cloudy,Roof open,7:15 PM,Cubs,Red Sox,2025-07-27 03:22:29 PM,0.325
"India, Jonathan",663697,Royals,batter,"India, Jonathan",2025,28,342,387,86,61,21,0,4,63,35,16.3,9.0,0.251,0.348,0.332,0.68,0.275,0.416,0.306,0.34,0.355,0.141,72.0,22.3,14.8,12.3,34.4,28.7,7.3,15,8.9,-3.8,62.2,27.9,88.7,17.3,36.5,6.0,38.3,99.351049149,93.80647847,19.6,41.5,loanDepot park,"loanDepot park, Miami",88.0,10.1,ENE,59,0.0,Partly cloudy,Roof closed,4:10 PM,Marlins,Royals,2025-07-27 03:22:28 PM,0.31518
"Bellinger, Cody",641355,Yankees,batter,"Bellinger, Cody",2025,29,340,375,96,59,18,3,16,54,29,14.4,7.7,0.282,0.494,0.336,0.83,0.27,0.455,0.355,0.338,0.329,0.184,70.3,9.3,14.1,11.4,35.8,29.1,7.7,8,13.1,-3.4,58.5,32.3,89.2,18.1,36.1,8.2,40.5,99.325921724,93.90774519,19.1,49.0,Truist Park,"Truist Park, Atlanta",86.4,8.9,NW,58,0.0,Sunny,Roof open,7:15 PM,Braves,Yankees,2025-07-27 03:22:29 PM,0.36565
"Lee, Jung Hoo",808982,Giants,batter,"Lee, Jung Hoo",2025,26,345,385,86,53,19,8,6,44,32,11.4,8.3,0.249,0.403,0.317,0.72,0.273,0.391,0.314,0.324,0.34,0.118,68.7,4.1,10.4,9.1,40.2,35.2,7.6,5,6.6,-5.9,45.8,39.4,87.4,13.1,35.1,4.3,30.8,97.106113775,92.632522219,13.0,44.4,Rogers Centre,"Rogers Centre, Toronto",82.4,5.8,WNW,66,0.0,Partly cloudy,Roof closed,3:07 PM,Blue Jays,Giants,2025-07-27 03:22:27 PM,0.314
"Sosa, Lenyn",672820,White Sox,batter,"Sosa, Lenyn",2025,25,288,298,77,53,14,1,9,71,8,23.8,2.7,0.267,0.417,0.29,0.707,0.274,0.456,0.306,0.322,0.296,0.182,72.3,25.0,14.9,11.5,35.4,27.3,7.4,4,10.9,1.4,55.2,32.8,90.7,19.3,39.9,8.7,42.7,100.502762685,94.759700605,24.1,53.8,PNC Park,"PNC Park, Pittsburgh",77.4,5.1,SW,90,0.0,Patchy light rain with thunder,Roof open,6:40 PM,Pirates,White Sox,2025-07-27 03:22:28 PM,0.306
"Merrill, Jackson",701538,Padres,batter,"Merrill, Jackson",2025,22,243,272,64,43,12,2,7,59,23,21.7,8.5,0.263,0.416,0.328,0.744,0.277,0.498,0.324,0.36,0.343,0.221,71.8,19.9,14.9,10.9,29.2,21.4,7.3,9,8.6,2.5,43.0,36.8,88.5,14.2,39.9,12.2,37.8,99.706357097,93.949441022,27.1,58.2,Nationals Park,"Nationals Park, Washington",86.2,5.8,W,77,0.0,Partly cloudy,Roof open,6:45 PM,Nationals,Padres,2025-07-27 03:22:28 PM,0.33372
